Age,AgeLower,AgeUpper, CO2, CO2Low1s, CO2High1s,Source,Site,Latitude,Longitude,Notes,doi,DatabaseSource
0.0036,,,271.342,254.145,289.006,Honisch2009,ODP668,4.7687,-20.927,,https://doi.org/10.1126/science.1171477,Rae
0.0036,,,276.632,259.118,294.677,Honisch2009,ODP668,4.7687,-20.927,,https://doi.org/10.1126/science.1171477,Rae
0.0039,,,289.951,269.917,310.691,Foster2008,ODP999,12.744,-78.7393,,https://doi.org/10.1016/j.epsl.2008.10.001,Rae
0.0046,,,278.983,259.702,298.962,Foster2008,ODP999,12.744,-78.7393,,https://doi.org/10.1016/j.epsl.2008.10.001,Rae
0.005,,,298.292,277.729,319.58,Foster2008,ODP999,12.744,-78.7393,,https://doi.org/10.1016/j.epsl.2008.10.001,Rae
0.0078,,,271.743,252.939,291.201,Foster2008,ODP999,12.744,-78.7393,,https://doi.org/10.1016/j.epsl.2008.10.001,Rae
0.0078,,,283.472,263.868,303.747,Foster2008,ODP999,12.744,-78.7393,,https://doi.org/10.1016/j.epsl.2008.10.001,Rae
0.0095,,,281.057,261.601,301.182,Foster2008,ODP999,12.744,-78.7393,,https://doi.org/10.1016/j.epsl.2008.10.001,Rae
0.0103,,,252.481,234.931,270.625,Foster2008,ODP999,12.744,-78.7393,,https://doi.org/10.1016/j.epsl.2008.10.001,Rae
0.0117,,,270.883,252.101,290.311,Foster2008,ODP999,12.744,-78.7393,,https://doi.org/10.1016/j.epsl.2008.10.001,Rae
0.014,,,246.233,229.095,263.958,Foster2008,ODP999,12.744,-78.7393,,https://doi.org/10.1016/j.epsl.2008.10.001,Rae
0.0146,,,242.686,227.33,258.459,Honisch2009,ODP668,4.7687,-20.927,,https://doi.org/10.1126/science.1171477,Rae
0.0146,,,233.02,218.283,248.161,Honisch2009,ODP668,4.7687,-20.927,,https://doi.org/10.1126/science.1171477,Rae
0.0151,,,242.304,225.426,259.747,Foster2008,ODP999,12.744,-78.7393,,https://doi.org/10.1016/j.epsl.2008.10.001,Rae
0.0151,,,229.505,213.465,246.082,Foster2008,ODP999,12.744,-78.7393,,https://doi.org/10.1016/j.epsl.2008.10.001,Rae
0.017,,,229.73,214.572,245.509,Sosdian2018,ODP926,3.7191,-42.9081,,https://doi.org/10.1016/j.epsl.2018.06.017,Rae
0.0173,,,233.467,217.158,250.298,Foster2008,ODP999,12.744,-78.7393,,https://doi.org/10.1016/j.epsl.2008.10.001,Rae
0.0192,,,170.8,158.556,183.413,Foster2008,ODP999,12.744,-78.7393,,https://doi.org/10.1016/j.epsl.2008.10.001,Rae
0.0204,,,176.824,165.631,188.28,Honisch2009,ODP668,4.7687,-20.927,,https://doi.org/10.1126/science.1171477,Rae
0.0211,,,212.355,197.44,227.769,Foster2008,ODP999,12.744,-78.7393,,https://doi.org/10.1016/j.epsl.2008.10.001,Rae
0.0225,,,212.479,197.555,227.904,Foster2008,ODP999,12.744,-78.7393,,https://doi.org/10.1016/j.epsl.2008.10.001,Rae
0.0248,,,189.701,176.254,203.585,Foster2008,ODP999,12.744,-78.7393,,https://doi.org/10.1016/j.epsl.2008.10.001,Rae
0.0263,,,180.619,167.749,193.893,Foster2008,ODP999,12.744,-78.7393,,https://doi.org/10.1016/j.epsl.2008.10.001,Rae
0.0263,,,175.451,162.916,188.389,Foster2008,ODP999,12.744,-78.7393,,https://doi.org/10.1016/j.epsl.2008.10.001,Rae
0.0369,,,224.286,208.575,240.518,Foster2008,ODP999,12.744,-78.7393,,https://doi.org/10.1016/j.epsl.2008.10.001,Rae
0.0408,,,214.154,200.624,228.083,Honisch2009,ODP668,4.7687,-20.927,,https://doi.org/10.1126/science.1171477,Rae
0.0471,,,219.35,203.968,235.242,Foster2008,ODP999,12.744,-78.7393,,https://doi.org/10.1016/j.epsl.2008.10.001,Rae
0.0523,,,208.986,194.293,224.183,Foster2008,ODP999,12.744,-78.7393,,https://doi.org/10.1016/j.epsl.2008.10.001,Rae
0.0614,,,209.148,194.445,224.36,Foster2008,ODP999,12.744,-78.7393,,https://doi.org/10.1016/j.epsl.2008.10.001,Rae
0.0706,,,243.26,227.875,259.111,Honisch2009,ODP668,4.7687,-20.927,,https://doi.org/10.1126/science.1171477,Rae
0.0763,,,249.303,231.947,267.23,Foster2008,ODP999,12.744,-78.7393,,https://doi.org/10.1016/j.epsl.2008.10.001,Rae
0.083,,,250.589,233.151,268.607,Foster2008,ODP999,12.744,-78.7393,,https://doi.org/10.1016/j.epsl.2008.10.001,Rae
0.0881,,,277.793,258.546,297.693,Foster2008,ODP999,12.744,-78.7393,,https://doi.org/10.1016/j.epsl.2008.10.001,Rae
0.0996,,,288.958,268.989,309.636,Foster2008,ODP999,12.744,-78.7393,,https://doi.org/10.1016/j.epsl.2008.10.001,Rae
0.1045,,,264.964,246.587,283.956,Foster2008,ODP999,12.744,-78.7393,,https://doi.org/10.1016/j.epsl.2008.10.001,Rae
0.1113,,,295.08,275.121,315.654,Chalk2017,ODP999,12.744,-78.7393,,https://doi.org/10.1073/pnas.1702143114,Rae
0.1136,,,266.665,249.771,284.031,Honisch2009,ODP668,4.7687,-20.927,,https://doi.org/10.1126/science.1171477,Rae
0.1142,,,326.64,304.139,350.001,Foster2008,ODP999,12.744,-78.7393,,https://doi.org/10.1016/j.epsl.2008.10.001,Rae
0.1161,,,344.965,321.263,369.589,Foster2008,ODP999,12.744,-78.7393,,https://doi.org/10.1016/j.epsl.2008.10.001,Rae
0.1191,,,317.853,295.68,340.962,Chalk2017,ODP999,12.744,-78.7393,,https://doi.org/10.1073/pnas.1702143114,Rae
0.1191,,,356.476,332.01,381.9,Foster2008,ODP999,12.744,-78.7393,,https://doi.org/10.1016/j.epsl.2008.10.001,Rae
0.1223,,,282.157,262.656,302.352,Foster2008,ODP999,12.744,-78.7393,,https://doi.org/10.1016/j.epsl.2008.10.001,Rae
0.1232,,,314.764,294.833,335.348,Honisch2009,ODP668,4.7687,-20.927,,https://doi.org/10.1126/science.1171477,Rae
0.1244,,,299.369,279.472,319.637,Chalk2017,ODP999,12.744,-78.7393,,https://doi.org/10.1073/pnas.1702143114,Rae
0.1275,,,288.272,268.738,308.36,Chalk2017,ODP999,12.744,-78.7393,,https://doi.org/10.1073/pnas.1702143114,Rae
0.1281,,,277.689,260.113,295.761,Honisch2009,ODP668,4.7687,-20.927,,https://doi.org/10.1126/science.1171477,Rae
0.131,,,298.462,277.879,319.764,Foster2008,ODP999,12.744,-78.7393,,https://doi.org/10.1016/j.epsl.2008.10.001,Rae
0.1319,,,262.024,244.258,280.268,Chalk2017,ODP999,12.744,-78.7393,,https://doi.org/10.1073/pnas.1702143114,Rae
0.1332,,,249.115,232.134,266.532,Chalk2017,ODP999,12.744,-78.7393,,https://doi.org/10.1073/pnas.1702143114,Rae
0.134,,,219.433,204.128,235.235,Chalk2017,ODP999,12.744,-78.7393,,https://doi.org/10.1073/pnas.1702143114,Rae
0.1356,,,218.201,203.013,233.861,Chalk2017,ODP999,12.744,-78.7393,,https://doi.org/10.1073/pnas.1702143114,Rae
0.1368,,,195.872,183.487,208.602,Honisch2009,ODP668,4.7687,-20.927,,https://doi.org/10.1126/science.1171477,Rae
0.1386,,,175.742,164.607,187.125,Honisch2009,ODP668,4.7687,-20.927,,https://doi.org/10.1126/science.1171477,Rae
0.139,,,218.027,203,233.449,Chalk2017,ODP999,12.744,-78.7393,,https://doi.org/10.1073/pnas.1702143114,Rae
0.1467,,,226.939,211.258,243.037,Chalk2017,ODP999,12.744,-78.7393,,https://doi.org/10.1073/pnas.1702143114,Rae
0.15,,,218.241,203.225,233.647,Chalk2017,ODP999,12.744,-78.7393,,https://doi.org/10.1073/pnas.1702143114,Rae
0.1698,,,218.191,203.161,233.629,Chalk2017,ODP999,12.744,-78.7393,,https://doi.org/10.1073/pnas.1702143114,Rae
0.1799,,,216.032,201.144,231.249,Chalk2017,ODP999,12.744,-78.7393,,https://doi.org/10.1073/pnas.1702143114,Rae
0.1844,,,225.405,209.778,241.49,Chalk2017,ODP999,12.744,-78.7393,,https://doi.org/10.1073/pnas.1702143114,Rae
0.19,,,236.025,219.911,252.461,Chalk2017,ODP999,12.744,-78.7393,,https://doi.org/10.1073/pnas.1702143114,Rae
0.1917,,,236.091,219.884,252.79,Chalk2017,ODP999,12.744,-78.7393,,https://doi.org/10.1073/pnas.1702143114,Rae
0.1981,,,261.825,244.166,279.857,Chalk2017,ODP999,12.744,-78.7393,,https://doi.org/10.1073/pnas.1702143114,Rae
0.2116,,,293.287,273.281,313.909,Chalk2017,ODP999,12.744,-78.7393,,https://doi.org/10.1073/pnas.1702143114,Rae
0.2204,,,275.644,257.186,294.443,Chalk2017,ODP999,12.744,-78.7393,,https://doi.org/10.1073/pnas.1702143114,Rae
0.2237,,,274.705,255.49,294.706,Chalk2017,ODP999,12.744,-78.7393,,https://doi.org/10.1073/pnas.1702143114,Rae
0.2271,,,245.824,228.898,263.308,Chalk2017,ODP999,12.744,-78.7393,,https://doi.org/10.1073/pnas.1702143114,Rae
0.2358,,,276.731,257.576,296.522,Chalk2017,ODP999,12.744,-78.7393,,https://doi.org/10.1073/pnas.1702143114,Rae
0.2395,,,255.974,238.555,273.906,Chalk2017,ODP999,12.744,-78.7393,,https://doi.org/10.1073/pnas.1702143114,Rae
0.2429,,,292.988,272.688,314.03,Chalk2017,ODP999,12.744,-78.7393,,https://doi.org/10.1073/pnas.1702143114,Rae
0.2472,,,275.632,257.002,294.799,Chalk2017,ODP999,12.744,-78.7393,,https://doi.org/10.1073/pnas.1702143114,Rae
0.2501,,,236.527,220.353,253.089,Chalk2017,ODP999,12.744,-78.7393,,https://doi.org/10.1073/pnas.1702143114,Rae
0.2578,,,246.173,229.512,263.134,Chalk2017,ODP999,12.744,-78.7393,,https://doi.org/10.1073/pnas.1702143114,Rae
0.3291,,,306.147,286.715,326.191,Honisch2009,ODP668,4.7687,-20.927,,https://doi.org/10.1126/science.1171477,Rae
0.3585,,,212.393,198.976,226.206,Honisch2009,ODP668,4.7687,-20.927,,https://doi.org/10.1126/science.1171477,Rae
0.3669,,,225.748,211.482,240.429,Honisch2009,ODP668,4.7687,-20.927,,https://doi.org/10.1126/science.1171477,Rae
0.3864,,,254.886,238.755,271.477,Honisch2009,ODP668,4.7687,-20.927,,https://doi.org/10.1126/science.1171477,Rae
0.4091,,,306.925,287.479,327.003,Honisch2009,ODP668,4.7687,-20.927,,https://doi.org/10.1126/science.1171477,Rae
0.4188,,,279.936,262.202,298.169,Honisch2009,ODP668,4.7687,-20.927,,https://doi.org/10.1126/science.1171477,Rae
0.5416,,,244.285,228.834,260.177,Honisch2009,ODP668,4.7687,-20.927,,https://doi.org/10.1126/science.1171477,Rae
0.5561,,,245.343,223.981,267.897,Sosdian2018,ODP926,3.7191,-42.9081,,https://doi.org/10.1016/j.epsl.2018.06.017,Rae
0.6163,,,255.316,239.167,271.9,Honisch2009,ODP668,4.7687,-20.927,,https://doi.org/10.1126/science.1171477,Rae
0.651,,,173.74,162.729,184.993,Honisch2009,ODP668,4.7687,-20.927,,https://doi.org/10.1126/science.1171477,Rae
0.6621,,,198.149,185.638,211.007,Honisch2009,ODP668,4.7687,-20.927,,https://doi.org/10.1126/science.1171477,Rae
0.675,,,217.319,203.593,231.449,Honisch2009,ODP668,4.7687,-20.927,,https://doi.org/10.1126/science.1171477,Rae
0.7022,,,257.928,241.615,274.674,Honisch2009,ODP668,4.7687,-20.927,,https://doi.org/10.1126/science.1171477,Rae
0.7035,,,268.083,251.115,285.514,Honisch2009,ODP668,4.7687,-20.927,,https://doi.org/10.1126/science.1171477,Rae
0.731,,,226.367,212.059,241.075,Honisch2009,ODP668,4.7687,-20.927,,https://doi.org/10.1126/science.1171477,Rae
0.7524,,,208.766,195.579,222.33,Honisch2009,ODP668,4.7687,-20.927,,https://doi.org/10.1126/science.1171477,Rae
0.8919,,,201.978,189.221,215.095,Honisch2009,ODP668,4.7687,-20.927,,https://doi.org/10.1126/science.1171477,Rae
0.95,,,289.407,271.086,308.278,Honisch2009,ODP668,4.7687,-20.927,,https://doi.org/10.1126/science.1171477,Rae
0.9528,,,313.495,293.634,334.012,Honisch2009,ODP668,4.7687,-20.927,,https://doi.org/10.1126/science.1171477,Rae
1.0728,,,301.16,282.095,320.854,Honisch2009,ODP668,4.7687,-20.927,,https://doi.org/10.1126/science.1171477,Rae
1.0789,,,262.481,245.872,279.558,Honisch2009,ODP668,4.7687,-20.927,,https://doi.org/10.1126/science.1171477,Rae
1.0873,,,246.484,229.852,263.365,Chalk2017,ODP999,12.744,-78.7393,,https://doi.org/10.1073/pnas.1702143114,Rae
1.0887,,,274.555,256.128,293.323,Chalk2017,ODP999,12.744,-78.7393,,https://doi.org/10.1073/pnas.1702143114,Rae
1.09,,,235.823,219.936,251.987,Chalk2017,ODP999,12.744,-78.7393,,https://doi.org/10.1073/pnas.1702143114,Rae
1.0927,,,256.874,239.551,274.506,Chalk2017,ODP999,12.744,-78.7393,,https://doi.org/10.1073/pnas.1702143114,Rae
1.0947,,,266.78,248.688,285.354,Chalk2017,ODP999,12.744,-78.7393,,https://doi.org/10.1073/pnas.1702143114,Rae
1.0995,,,346.559,323.585,370.036,Chalk2017,ODP999,12.744,-78.7393,,https://doi.org/10.1073/pnas.1702143114,Rae
1.1024,,,324.675,303.097,346.658,Chalk2017,ODP999,12.744,-78.7393,,https://doi.org/10.1073/pnas.1702143114,Rae
1.1032,,,335.309,311.566,360.103,Chalk2017,ODP999,12.744,-78.7393,,https://doi.org/10.1073/pnas.1702143114,Rae
1.1062,,,261.875,244.548,279.344,Chalk2017,ODP999,12.744,-78.7393,,https://doi.org/10.1073/pnas.1702143114,Rae
1.1078,,,280.824,261.949,300.096,Chalk2017,ODP999,12.744,-78.7393,,https://doi.org/10.1073/pnas.1702143114,Rae
1.1103,,,303.993,283.816,324.494,Chalk2017,ODP999,12.744,-78.7393,,https://doi.org/10.1073/pnas.1702143114,Rae
1.1128,,,261.235,243.66,279.146,Chalk2017,ODP999,12.744,-78.7393,,https://doi.org/10.1073/pnas.1702143114,Rae
1.1153,,,240.998,224.685,257.591,Chalk2017,ODP999,12.744,-78.7393,,https://doi.org/10.1073/pnas.1702143114,Rae
1.1179,,,226.556,211.354,241.81,Chalk2017,ODP999,12.744,-78.7393,,https://doi.org/10.1073/pnas.1702143114,Rae
1.1204,,,263.663,246.18,281.264,Chalk2017,ODP999,12.744,-78.7393,,https://doi.org/10.1073/pnas.1702143114,Rae
1.1231,,,214.782,200.288,229.294,Chalk2017,ODP999,12.744,-78.7393,,https://doi.org/10.1073/pnas.1702143114,Rae
1.1261,,,262.51,244.708,280.785,Chalk2017,ODP999,12.744,-78.7393,,https://doi.org/10.1073/pnas.1702143114,Rae
1.1278,,,261.148,243.394,279.412,Chalk2017,ODP999,12.744,-78.7393,,https://doi.org/10.1073/pnas.1702143114,Rae
1.131,,,266.295,248.599,284.209,Chalk2017,ODP999,12.744,-78.7393,,https://doi.org/10.1073/pnas.1702143114,Rae
1.1366,,,314.438,293.846,335.211,Chalk2017,ODP999,12.744,-78.7393,,https://doi.org/10.1073/pnas.1702143114,Rae
1.14,,,330.851,308.875,353.373,Chalk2017,ODP999,12.744,-78.7393,,https://doi.org/10.1073/pnas.1702143114,Rae
1.1432,,,300.441,279.653,321.991,Chalk2017,ODP999,12.744,-78.7393,,https://doi.org/10.1073/pnas.1702143114,Rae
1.1453,,,319.835,298.052,342.315,Chalk2017,ODP999,12.744,-78.7393,,https://doi.org/10.1073/pnas.1702143114,Rae
1.1489,,,336.67,311.296,363.259,Chalk2017,ODP999,12.744,-78.7393,,https://doi.org/10.1073/pnas.1702143114,Rae
1.1509,,,280.926,261.564,300.973,Chalk2017,ODP999,12.744,-78.7393,,https://doi.org/10.1073/pnas.1702143114,Rae
1.1541,,,265.623,247.513,284.275,Chalk2017,ODP999,12.744,-78.7393,,https://doi.org/10.1073/pnas.1702143114,Rae
1.1578,,,323.891,302.07,346.377,Chalk2017,ODP999,12.744,-78.7393,,https://doi.org/10.1073/pnas.1702143114,Rae
1.1607,,,334.007,311.497,357.215,Chalk2017,ODP999,12.744,-78.7393,,https://doi.org/10.1073/pnas.1702143114,Rae
1.1629,,,295.867,276.111,316.024,Chalk2017,ODP999,12.744,-78.7393,,https://doi.org/10.1073/pnas.1702143114,Rae
1.1683,,,270.951,253.79,288.592,Honisch2009,ODP668,4.7687,-20.927,,https://doi.org/10.1126/science.1171477,Rae
1.1699,,,305.304,285.242,325.623,Chalk2017,ODP999,12.744,-78.7393,,https://doi.org/10.1073/pnas.1702143114,Rae
1.1776,,,293.724,274.231,313.499,Chalk2017,ODP999,12.744,-78.7393,,https://doi.org/10.1073/pnas.1702143114,Rae
1.1797,,,282.087,263.166,301.395,Chalk2017,ODP999,12.744,-78.7393,,https://doi.org/10.1073/pnas.1702143114,Rae
1.1818,,,247.959,231.487,264.504,Chalk2017,ODP999,12.744,-78.7393,,https://doi.org/10.1073/pnas.1702143114,Rae
1.1841,,,240.526,224.284,256.983,Chalk2017,ODP999,12.744,-78.7393,,https://doi.org/10.1073/pnas.1702143114,Rae
1.186,,,274.824,256.391,293.606,Chalk2017,ODP999,12.744,-78.7393,,https://doi.org/10.1073/pnas.1702143114,Rae
1.1881,,,284.718,265.718,304.053,Chalk2017,ODP999,12.744,-78.7393,,https://doi.org/10.1073/pnas.1702143114,Rae
1.1913,,,228.463,213.169,243.806,Chalk2017,ODP999,12.744,-78.7393,,https://doi.org/10.1073/pnas.1702143114,Rae
1.1924,,,214.213,200.686,228.144,Honisch2009,ODP668,4.7687,-20.927,,https://doi.org/10.1126/science.1171477,Rae
1.1952,,,220.82,205.828,236.043,Chalk2017,ODP999,12.744,-78.7393,,https://doi.org/10.1073/pnas.1702143114,Rae
1.2033,,,205.8,191.872,219.747,Chalk2017,ODP999,12.744,-78.7393,,https://doi.org/10.1073/pnas.1702143114,Rae
1.2068,,,231.99,216.492,247.517,Chalk2017,ODP999,12.744,-78.7393,,https://doi.org/10.1073/pnas.1702143114,Rae
1.21,,,254.954,237.816,272.329,Chalk2017,ODP999,12.744,-78.7393,,https://doi.org/10.1073/pnas.1702143114,Rae
1.2125,,,228.25,213.832,243.082,Honisch2009,ODP668,4.7687,-20.927,,https://doi.org/10.1126/science.1171477,Rae
1.2145,,,310.618,290.063,331.408,Chalk2017,ODP999,12.744,-78.7393,,https://doi.org/10.1073/pnas.1702143114,Rae
1.2164,,,292.599,272.792,313.01,Chalk2017,ODP999,12.744,-78.7393,,https://doi.org/10.1073/pnas.1702143114,Rae
1.2185,,,323.456,301.577,345.994,Chalk2017,ODP999,12.744,-78.7393,,https://doi.org/10.1073/pnas.1702143114,Rae
1.2242,,,273.138,254.377,292.484,Chalk2017,ODP999,12.744,-78.7393,,https://doi.org/10.1073/pnas.1702143114,Rae
1.2272,,,291.996,272.312,312.234,Chalk2017,ODP999,12.744,-78.7393,,https://doi.org/10.1073/pnas.1702143114,Rae
1.2307,,,338.291,314.972,362.526,Chalk2017,ODP999,12.744,-78.7393,,https://doi.org/10.1073/pnas.1702143114,Rae
1.2333,,,253.445,237.417,269.921,Honisch2009,ODP668,4.7687,-20.927,,https://doi.org/10.1126/science.1171477,Rae
1.2339,,,319.409,298.067,341.389,Chalk2017,ODP999,12.744,-78.7393,,https://doi.org/10.1073/pnas.1702143114,Rae
1.2362,,,281.535,262.843,300.538,Chalk2017,ODP999,12.744,-78.7393,,https://doi.org/10.1073/pnas.1702143114,Rae
1.2387,,,277.841,260.251,295.926,Honisch2009,ODP668,4.7687,-20.927,,https://doi.org/10.1126/science.1171477,Rae
1.2398,,,288.36,268.98,308.19,Chalk2017,ODP999,12.744,-78.7393,,https://doi.org/10.1073/pnas.1702143114,Rae
1.2433,,,313.769,293.221,334.502,Chalk2017,ODP999,12.744,-78.7393,,https://doi.org/10.1073/pnas.1702143114,Rae
1.253,,,204.829,191.883,218.136,Honisch2009,ODP668,4.7687,-20.927,,https://doi.org/10.1126/science.1171477,Rae
1.2617,,,244.488,229.023,260.383,Honisch2009,ODP668,4.7687,-20.927,,https://doi.org/10.1126/science.1171477,Rae
1.3515,,,291.923,273.445,310.954,Honisch2009,ODP668,4.7687,-20.927,,https://doi.org/10.1126/science.1171477,Rae
1.3803,,,222.992,208.903,237.49,Honisch2009,ODP668,4.7687,-20.927,,https://doi.org/10.1126/science.1171477,Rae
1.384,,,218.122,204.448,232.069,Dyez2018,ODP668,4.7687,-20.927,,https://doi.org/10.1029/2018PA003349,Rae
1.3927,,,288.187,268.66,308.478,Dyez2018,ODP668,4.7687,-20.927,,https://doi.org/10.1029/2018PA003349,Rae
1.3973,,,276.927,259.539,294.751,Dyez2018,ODP668,4.7687,-20.927,,https://doi.org/10.1029/2018PA003349,Rae
1.402,,,324.875,303.791,346.807,Dyez2018,ODP668,4.7687,-20.927,,https://doi.org/10.1029/2018PA003349,Rae
1.408,,,314.476,289.287,340.926,Dyez2018,ODP668,4.7687,-20.927,,https://doi.org/10.1029/2018PA003349,Rae
1.414,,,262.106,245.482,279.178,Dyez2018,ODP668,4.7687,-20.927,,https://doi.org/10.1029/2018PA003349,Rae
1.42,,,203.642,189.907,217.884,Dyez2018,ODP668,4.7687,-20.927,,https://doi.org/10.1029/2018PA003349,Rae
1.4252,,,239.672,224.271,255.569,Dyez2018,ODP668,4.7687,-20.927,,https://doi.org/10.1029/2018PA003349,Rae
1.4303,,,231.776,216.139,247.996,Dyez2018,ODP668,4.7687,-20.927,,https://doi.org/10.1029/2018PA003349,Rae
1.4355,,,248.436,227.6,270.344,Dyez2018,ODP668,4.7687,-20.927,,https://doi.org/10.1029/2018PA003349,Rae
1.4407,,,297.331,278.157,317.154,Dyez2018,ODP668,4.7687,-20.927,,https://doi.org/10.1029/2018PA003349,Rae
1.4458,,,293.882,273.827,314.66,Dyez2018,ODP668,4.7687,-20.927,,https://doi.org/10.1029/2018PA003349,Rae
1.451,,,260.584,239.288,282.87,Dyez2018,ODP668,4.7687,-20.927,,https://doi.org/10.1029/2018PA003349,Rae
1.4555,,,237.667,222.139,253.771,Dyez2018,ODP668,4.7687,-20.927,,https://doi.org/10.1029/2018PA003349,Rae
1.4594,,,260.92,244.121,278.277,Dyez2018,ODP668,4.7687,-20.927,,https://doi.org/10.1029/2018PA003349,Rae
1.4645,,,251.218,235.334,267.554,Dyez2018,ODP668,4.7687,-20.927,,https://doi.org/10.1029/2018PA003349,Rae
1.4735,,,284.921,267.107,303.094,Dyez2018,ODP668,4.7687,-20.927,,https://doi.org/10.1029/2018PA003349,Rae
1.478,,,277.606,260.173,295.484,Dyez2018,ODP668,4.7687,-20.927,,https://doi.org/10.1029/2018PA003349,Rae
1.4825,,,231.002,216.593,245.689,Dyez2018,ODP668,4.7687,-20.927,,https://doi.org/10.1029/2018PA003349,Rae
1.487,,,262.997,246.372,280.085,Honisch2009,ODP668,4.7687,-20.927,,https://doi.org/10.1126/science.1171477,Rae
1.49,,,298.095,279.379,317.313,Dyez2018,ODP668,4.7687,-20.927,,https://doi.org/10.1029/2018PA003349,Rae
1.493,,,216.801,203.21,230.653,Dyez2018,ODP668,4.7687,-20.927,,https://doi.org/10.1029/2018PA003349,Rae
1.4964,,,201.482,188.742,214.573,Dyez2018,ODP668,4.7687,-20.927,,https://doi.org/10.1029/2018PA003349,Rae
1.499,,,224.881,211.018,238.824,Dyez2018,ODP668,4.7687,-20.927,,https://doi.org/10.1029/2018PA003349,Rae
1.499,,,225.313,211.067,239.955,Honisch2009,ODP668,4.7687,-20.927,,https://doi.org/10.1126/science.1171477,Rae
1.5023,,,183.051,171.561,194.779,Dyez2018,ODP668,4.7687,-20.927,,https://doi.org/10.1029/2018PA003349,Rae
1.5057,,,250.358,234.831,266.122,Dyez2018,ODP668,4.7687,-20.927,,https://doi.org/10.1029/2018PA003349,Rae
1.509,,,279.905,262.05,298.348,Dyez2018,ODP668,4.7687,-20.927,,https://doi.org/10.1029/2018PA003349,Rae
1.5123,,,226.688,212.187,241.684,Dyez2018,ODP668,4.7687,-20.927,,https://doi.org/10.1029/2018PA003349,Rae
1.5157,,,303.383,284.005,323.38,Dyez2018,ODP668,4.7687,-20.927,,https://doi.org/10.1029/2018PA003349,Rae
1.519,,,282.113,263.897,300.928,Dyez2018,ODP668,4.7687,-20.927,,https://doi.org/10.1029/2018PA003349,Rae
1.5223,,,287.994,268.74,308.071,Dyez2018,ODP668,4.7687,-20.927,,https://doi.org/10.1029/2018PA003349,Rae
1.5257,,,310.534,291.115,330.346,Dyez2018,ODP668,4.7687,-20.927,,https://doi.org/10.1029/2018PA003349,Rae
1.5281,,,237.731,221.326,254.721,Sosdian2018,ODP926,3.7191,-42.9081,,https://doi.org/10.1016/j.epsl.2018.06.017,Rae
1.529,,,258.111,242.127,274.361,Dyez2018,ODP668,4.7687,-20.927,,https://doi.org/10.1029/2018PA003349,Rae
1.5357,,,294.402,275.748,313.659,Dyez2018,ODP668,4.7687,-20.927,,https://doi.org/10.1029/2018PA003349,Rae
1.539,,,225.72,211.457,240.387,Honisch2009,ODP668,4.7687,-20.927,,https://doi.org/10.1126/science.1171477,Rae
1.5413,,,228.863,214.398,243.734,Honisch2009,ODP668,4.7687,-20.927,,https://doi.org/10.1126/science.1171477,Rae
1.5423,,,280.866,263.083,299.178,Honisch2009,ODP668,4.7687,-20.927,,https://doi.org/10.1126/science.1171477,Rae
1.5741,,,278.19,260.573,296.292,Honisch2009,ODP668,4.7687,-20.927,,https://doi.org/10.1126/science.1171477,Rae
1.5774,,,216.256,202.59,230.314,Honisch2009,ODP668,4.7687,-20.927,,https://doi.org/10.1126/science.1171477,Rae
1.616,,,305.834,286.473,325.828,Honisch2009,ODP668,4.7687,-20.927,,https://doi.org/10.1126/science.1171477,Rae
1.6446,,,192.239,180.074,204.694,Honisch2009,ODP668,4.7687,-20.927,,https://doi.org/10.1126/science.1171477,Rae
1.6487,,,199.637,187.018,212.569,Honisch2009,ODP668,4.7687,-20.927,,https://doi.org/10.1126/science.1171477,Rae
1.6595,,,194.01,181.752,206.58,Honisch2009,ODP668,4.7687,-20.927,,https://doi.org/10.1126/science.1171477,Rae
1.6985,,,293.542,274.955,312.697,Honisch2009,ODP668,4.7687,-20.927,,https://doi.org/10.1126/science.1171477,Rae
1.7531,,,292.048,273.549,311.122,Honisch2009,ODP668,4.7687,-20.927,,https://doi.org/10.1126/science.1171477,Rae
1.7749,,,219.668,205.812,233.946,Honisch2009,ODP668,4.7687,-20.927,,https://doi.org/10.1126/science.1171477,Rae
1.7796,,,229.105,214.632,243.988,Honisch2009,ODP668,4.7687,-20.927,,https://doi.org/10.1126/science.1171477,Rae
1.8833,,,224.986,209.983,240.574,Sosdian2018,ODP926,3.7191,-42.9081,,https://doi.org/10.1016/j.epsl.2018.06.017,Rae
2.2148,,,302.195,282.047,323.216,Sosdian2018,ODP926,3.7191,-42.9081,,https://doi.org/10.1016/j.epsl.2018.06.017,Rae
2.3378,,,329.959,308.012,352.388,MartinezBoti2015,ODP999,12.744,-78.7393,,https://doi.org/10.1038/nature14145,Rae
2.3467,,,328.861,303.948,354.927,MartinezBoti2015,ODP999,12.744,-78.7393,,https://doi.org/10.1038/nature14145,Rae
2.3527,,,319.299,297.89,341.29,MartinezBoti2015,ODP999,12.744,-78.7393,,https://doi.org/10.1038/nature14145,Rae
2.3622,,,463.327,429.041,499.399,MartinezBoti2015,ODP999,12.744,-78.7393,,https://doi.org/10.1038/nature14145,Rae
2.3722,,,427.967,398.788,458.447,MartinezBoti2015,ODP999,12.744,-78.7393,,https://doi.org/10.1038/nature14145,Rae
2.3813,,,384.949,358.66,412.297,MartinezBoti2015,ODP999,12.744,-78.7393,,https://doi.org/10.1038/nature14145,Rae
2.3893,,,390.325,364.642,416.694,MartinezBoti2015,ODP999,12.744,-78.7393,,https://doi.org/10.1038/nature14145,Rae
2.4109,,,289.918,270.624,309.467,MartinezBoti2015,ODP999,12.744,-78.7393,,https://doi.org/10.1038/nature14145,Rae
2.4249,,,345.407,322.561,368.689,MartinezBoti2015,ODP999,12.744,-78.7393,,https://doi.org/10.1038/nature14145,Rae
2.4512,,,332.726,310.806,355.027,MartinezBoti2015,ODP999,12.744,-78.7393,,https://doi.org/10.1038/nature14145,Rae
2.4745,,,354.345,330.941,378.168,MartinezBoti2015,ODP999,12.744,-78.7393,,https://doi.org/10.1038/nature14145,Rae
2.5004,,,371.158,346.323,396.749,MartinezBoti2015,ODP999,12.744,-78.7393,,https://doi.org/10.1038/nature14145,Rae
2.5014,,,376.09,351.331,401.382,MartinezBoti2015,ODP999,12.744,-78.7393,,https://doi.org/10.1038/nature14145,Rae
2.5219,,,256.612,239.426,274.059,MartinezBoti2015,ODP999,12.744,-78.7393,,https://doi.org/10.1038/nature14145,Rae
2.5452,,,348.277,325.35,371.608,MartinezBoti2015,ODP999,12.744,-78.7393,,https://doi.org/10.1038/nature14145,Rae
2.5486,,,280.821,262.698,299.592,Sosdian2018,ODP926,3.7191,-42.9081,,https://doi.org/10.1016/j.epsl.2018.06.017,Rae
2.5619,,,312.891,291.986,334.233,MartinezBoti2015,ODP999,12.744,-78.7393,,https://doi.org/10.1038/nature14145,Rae
2.5794,,,343.328,320.582,366.578,MartinezBoti2015,ODP999,12.744,-78.7393,,https://doi.org/10.1038/nature14145,Rae
2.5948,,,377.991,351.738,405.411,MartinezBoti2015,ODP999,12.744,-78.7393,,https://doi.org/10.1038/nature14145,Rae
2.6151,,,291.706,272.313,311.357,MartinezBoti2015,ODP999,12.744,-78.7393,,https://doi.org/10.1038/nature14145,Rae
2.6245,,,318.995,297.655,340.947,MartinezBoti2015,ODP999,12.744,-78.7393,,https://doi.org/10.1038/nature14145,Rae
2.6309,,,257.857,240.42,275.645,MartinezBoti2015,ODP999,12.744,-78.7393,,https://doi.org/10.1038/nature14145,Rae
2.6483,,,295.479,275.812,315.462,MartinezBoti2015,ODP999,12.744,-78.7393,,https://doi.org/10.1038/nature14145,Rae
2.6647,,,317.502,296.114,339.582,MartinezBoti2015,ODP999,12.744,-78.7393,,https://doi.org/10.1038/nature14145,Rae
2.673,,,275.572,256.937,294.753,MartinezBoti2015,ODP999,12.744,-78.7393,,https://doi.org/10.1038/nature14145,Rae
2.6804,,,337.293,314.964,360.083,MartinezBoti2015,ODP999,12.744,-78.7393,,https://doi.org/10.1038/nature14145,Rae
2.6866,,,297.257,277.358,317.617,MartinezBoti2015,ODP999,12.744,-78.7393,,https://doi.org/10.1038/nature14145,Rae
2.6952,,,287.735,268.557,307.121,MartinezBoti2015,ODP999,12.744,-78.7393,,https://doi.org/10.1038/nature14145,Rae
2.7,,,245.189,225.282,265.89,MartinezBoti2015,ODP999,12.744,-78.7393,,https://doi.org/10.1038/nature14145,Rae
2.7032,,,332.439,309.43,356.349,MartinezBoti2015,ODP999,12.744,-78.7393,,https://doi.org/10.1038/nature14145,Rae
2.7072,,,274.592,256.267,293.174,MartinezBoti2015,ODP999,12.744,-78.7393,,https://doi.org/10.1038/nature14145,Rae
2.7455,,,354.825,331.363,378.714,MartinezBoti2015,ODP999,12.744,-78.7393,,https://doi.org/10.1038/nature14145,Rae
2.7515,,,335.969,312.132,360.837,MartinezBoti2015,ODP999,12.744,-78.7393,,https://doi.org/10.1038/nature14145,Rae
2.7642,,,374.124,349.114,399.886,MartinezBoti2015,ODP999,12.744,-78.7393,,https://doi.org/10.1038/nature14145,Rae
2.7775,,,292.678,273.178,312.509,MartinezBoti2015,ODP999,12.744,-78.7393,,https://doi.org/10.1038/nature14145,Rae
2.7985,,,295.307,275.408,315.777,MartinezBoti2015,ODP999,12.744,-78.7393,,https://doi.org/10.1038/nature14145,Rae
2.8302,,,334.007,311.705,356.925,MartinezBoti2015,ODP999,12.744,-78.7393,,https://doi.org/10.1038/nature14145,Rae
2.8317,,,378.704,346.21,413.057,MartinezBoti2015,ODP999,12.744,-78.7393,,https://doi.org/10.1038/nature14145,Rae
2.8389,,,406.104,379.448,433.505,MartinezBoti2015,ODP999,12.744,-78.7393,,https://doi.org/10.1038/nature14145,Rae
2.8492,,,322.371,300.614,344.751,MartinezBoti2015,ODP999,12.744,-78.7393,,https://doi.org/10.1038/nature14145,Rae
2.8583,,,463.725,432.993,495.45,MartinezBoti2015,ODP999,12.744,-78.7393,,https://doi.org/10.1038/nature14145,Rae
2.8815,,,233.278,218.503,248.485,Sosdian2018,ODP926,3.7191,-42.9081,,https://doi.org/10.1016/j.epsl.2018.06.017,Rae
2.9124,,,387.14,361.6,413.414,MartinezBoti2015,ODP999,12.744,-78.7393,,https://doi.org/10.1038/nature14145,Rae
2.9236,,,393.706,367.442,420.763,MartinezBoti2015,ODP999,12.744,-78.7393,,https://doi.org/10.1038/nature14145,Rae
2.9416,,,354.097,330.812,377.787,MartinezBoti2015,ODP999,12.744,-78.7393,,https://doi.org/10.1038/nature14145,Rae
2.9505,,,374.386,349.105,400.52,MartinezBoti2015,ODP999,12.744,-78.7393,,https://doi.org/10.1038/nature14145,Rae
2.9512,,,438.445,403.426,475.304,MartinezBoti2015,ODP999,12.744,-78.7393,,https://doi.org/10.1038/nature14145,Rae
2.9596,,,364.841,340.92,389.203,MartinezBoti2015,ODP999,12.744,-78.7393,,https://doi.org/10.1038/nature14145,Rae
2.9781,,,345.945,323.236,369.059,MartinezBoti2015,ODP999,12.744,-78.7393,,https://doi.org/10.1038/nature14145,Rae
3.0028,,,387.726,361.998,414.263,MartinezBoti2015,ODP999,12.744,-78.7393,,https://doi.org/10.1038/nature14145,Rae
3.011,,,375.002,349.903,400.887,MartinezBoti2015,ODP999,12.744,-78.7393,,https://doi.org/10.1038/nature14145,Rae
3.0276,,,400.113,373.8,427.152,MartinezBoti2015,ODP999,12.744,-78.7393,,https://doi.org/10.1038/nature14145,Rae
3.0427,,,440.048,409.707,471.756,MartinezBoti2015,ODP999,12.744,-78.7393,,https://doi.org/10.1038/nature14145,Rae
3.05,,,440.19,411.422,469.746,MartinezBoti2015,ODP999,12.744,-78.7393,,https://doi.org/10.1038/nature14145,Rae
3.059,,,379.563,352.418,407.783,MartinezBoti2015,ODP999,12.744,-78.7393,,https://doi.org/10.1038/nature14145,Rae
3.063,,,433.947,404.561,464.517,MartinezBoti2015,ODP999,12.744,-78.7393,,https://doi.org/10.1038/nature14145,Rae
3.0665,,,399.308,372.309,427.337,MartinezBoti2015,ODP999,12.744,-78.7393,,https://doi.org/10.1038/nature14145,Rae
3.0912,,,353.843,330.164,378.262,MartinezBoti2015,ODP999,12.744,-78.7393,,https://doi.org/10.1038/nature14145,Rae
3.1002,,,338.825,316.19,362.177,MartinezBoti2015,ODP999,12.744,-78.7393,,https://doi.org/10.1038/nature14145,Rae
3.1142,,,413.582,386.219,441.78,MartinezBoti2015,ODP999,12.744,-78.7393,,https://doi.org/10.1038/nature14145,Rae
3.1332,,,363.775,338.564,390.17,MartinezBoti2015,ODP999,12.744,-78.7393,,https://doi.org/10.1038/nature14145,Rae
3.1432,,,352.995,327.84,379.262,MartinezBoti2015,ODP999,12.744,-78.7393,,https://doi.org/10.1038/nature14145,Rae
3.1498,,,314.748,294.119,335.698,delaVega2020,ODP999,12.744,-78.7393,,https://doi.org/10.1038/s41598-020-67154-8,Rae
3.1519,,,421.823,376.981,471.169,MartinezBoti2015,ODP999,12.744,-78.7393,,https://doi.org/10.1038/nature14145,Rae
3.1522,,,399.184,372.971,426.014,delaVega2020,ODP999,12.744,-78.7393,,https://doi.org/10.1038/s41598-020-67154-8,Rae
3.1531,,,376.391,350.959,402.682,delaVega2020,ODP999,12.744,-78.7393,,https://doi.org/10.1038/s41598-020-67154-8,Rae
3.1553,,,354.767,331.918,377.544,delaVega2020,ODP999,12.744,-78.7393,,https://doi.org/10.1038/s41598-020-67154-8,Rae
3.1568,,,530.168,495.715,565.539,delaVega2020,ODP999,12.744,-78.7393,,https://doi.org/10.1038/s41598-020-67154-8,Rae
3.1579,,,359.745,335.433,384.864,MartinezBoti2015,ODP999,12.744,-78.7393,,https://doi.org/10.1038/nature14145,Rae
3.1588,,,366.88,343.263,390.491,delaVega2020,ODP999,12.744,-78.7393,,https://doi.org/10.1038/s41598-020-67154-8,Rae
3.1601,,,367.033,342.765,391.923,delaVega2020,ODP999,12.744,-78.7393,,https://doi.org/10.1038/s41598-020-67154-8,Rae
3.1619,,,460.681,430.088,492.245,delaVega2020,ODP999,12.744,-78.7393,,https://doi.org/10.1038/s41598-020-67154-8,Rae
3.1631,,,404.166,378.012,430.774,delaVega2020,ODP999,12.744,-78.7393,,https://doi.org/10.1038/s41598-020-67154-8,Rae
3.1716,,,478.154,445.975,511.668,MartinezBoti2015,ODP999,12.744,-78.7393,,https://doi.org/10.1038/nature14145,Rae
3.1798,,,404.203,377.701,431.364,MartinezBoti2015,ODP999,12.744,-78.7393,,https://doi.org/10.1038/nature14145,Rae
3.1815,,,345.053,322.428,368.001,delaVega2020,ODP999,12.744,-78.7393,,https://doi.org/10.1038/s41598-020-67154-8,Rae
3.1853,,,382.836,358.001,408.084,delaVega2020,ODP999,12.744,-78.7393,,https://doi.org/10.1038/s41598-020-67154-8,Rae
3.1864,,,557.625,518.485,598.393,delaVega2020,ODP999,12.744,-78.7393,,https://doi.org/10.1038/s41598-020-67154-8,Rae
3.1892,,,301.91,281.746,322.475,MartinezBoti2015,ODP999,12.744,-78.7393,,https://doi.org/10.1038/nature14145,Rae
3.1908,,,446.562,415.524,479.055,delaVega2020,ODP999,12.744,-78.7393,,https://doi.org/10.1038/s41598-020-67154-8,Rae
3.196,,,494.681,461.785,528.795,delaVega2020,ODP999,12.744,-78.7393,,https://doi.org/10.1038/s41598-020-67154-8,Rae
3.1987,,,351.276,327.408,375.957,MartinezBoti2015,ODP999,12.744,-78.7393,,https://doi.org/10.1038/nature14145,Rae
3.2029,,,390.252,365.131,415.566,delaVega2020,ODP999,12.744,-78.7393,,https://doi.org/10.1038/s41598-020-67154-8,Rae
3.2053,,,494.881,459.619,531.536,delaVega2020,ODP999,12.744,-78.7393,,https://doi.org/10.1038/s41598-020-67154-8,Rae
3.2083,,,415.612,387.562,444.698,delaVega2020,ODP999,12.744,-78.7393,,https://doi.org/10.1038/s41598-020-67154-8,Rae
3.2094,,,347.423,322.828,373.086,MartinezBoti2015,ODP999,12.744,-78.7393,,https://doi.org/10.1038/nature14145,Rae
3.211,,,443.783,413.136,475.866,delaVega2020,ODP999,12.744,-78.7393,,https://doi.org/10.1038/s41598-020-67154-8,Rae
3.2161,,,399.232,372.472,426.857,delaVega2020,ODP999,12.744,-78.7393,,https://doi.org/10.1038/s41598-020-67154-8,Rae
3.2201,,,445.544,413.888,478.466,delaVega2020,ODP999,12.744,-78.7393,,https://doi.org/10.1038/s41598-020-67154-8,Rae
3.224,,,432.842,402.753,464.352,delaVega2020,ODP999,12.744,-78.7393,,https://doi.org/10.1038/s41598-020-67154-8,Rae
3.2246,,,398.765,371.4,427.352,MartinezBoti2015,ODP999,12.744,-78.7393,,https://doi.org/10.1038/nature14145,Rae
3.2306,,,484.172,451.315,518.579,delaVega2020,ODP999,12.744,-78.7393,,https://doi.org/10.1038/s41598-020-67154-8,Rae
3.233,,,344.291,320.53,369.029,delaVega2020,ODP999,12.744,-78.7393,,https://doi.org/10.1038/s41598-020-67154-8,Rae
3.236,,,417.979,389.533,447.608,delaVega2020,ODP999,12.744,-78.7393,,https://doi.org/10.1038/s41598-020-67154-8,Rae
3.2399,,,447.993,408.354,489.972,MartinezBoti2015,ODP999,12.744,-78.7393,,https://doi.org/10.1038/nature14145,Rae
3.2429,,,375.217,349.991,401.257,MartinezBoti2015,ODP999,12.744,-78.7393,,https://doi.org/10.1038/nature14145,Rae
3.2458,,,337.301,314.931,360.078,MartinezBoti2015,ODP999,12.744,-78.7393,,https://doi.org/10.1038/nature14145,Rae
3.2478,,,440.518,410.482,471.923,delaVega2020,ODP999,12.744,-78.7393,,https://doi.org/10.1038/s41598-020-67154-8,Rae
3.2485,,,368.8,323.555,373.116,Sosdian2018,ODP999,12.744,-78.7393,,https://doi.org/10.1016/j.epsl.2018.06.017,Rae
3.2541,,,407.026,379.315,435.856,delaVega2020,ODP999,12.744,-78.7393,,https://doi.org/10.1038/s41598-020-67154-8,Rae
3.2596,,,369.492,341.166,399.307,MartinezBoti2015,ODP999,12.744,-78.7393,,https://doi.org/10.1038/nature14145,Rae
3.2608,,,423.037,393.398,454.019,delaVega2020,ODP999,12.744,-78.7393,,https://doi.org/10.1038/s41598-020-67154-8,Rae
3.2681,,,401.002,374.868,427.671,delaVega2020,ODP999,12.744,-78.7393,,https://doi.org/10.1038/s41598-020-67154-8,Rae
3.2702,,,388.452,356.436,422.116,MartinezBoti2015,ODP999,12.744,-78.7393,,https://doi.org/10.1038/nature14145,Rae
3.2787,,,444.674,414.264,476.481,delaVega2020,ODP999,12.744,-78.7393,,https://doi.org/10.1038/s41598-020-67154-8,Rae
3.2806,,,333.445,310.81,356.839,MartinezBoti2015,ODP999,12.744,-78.7393,,https://doi.org/10.1038/nature14145,Rae
3.2867,,,345.649,322.991,368.64,delaVega2020,ODP999,12.744,-78.7393,,https://doi.org/10.1038/s41598-020-67154-8,Rae
3.2902,,,405.651,376.937,435.611,delaVega2020,ODP999,12.744,-78.7393,,https://doi.org/10.1038/s41598-020-67154-8,Rae
3.2931,,,340.102,317.899,362.646,delaVega2020,ODP999,12.744,-78.7393,,https://doi.org/10.1038/s41598-020-67154-8,Rae
3.2964,,,445.37,415.104,476.938,delaVega2020,ODP999,12.744,-78.7393,,https://doi.org/10.1038/s41598-020-67154-8,Rae
3.2995,,,427.529,398.648,457.526,delaVega2020,ODP999,12.744,-78.7393,,https://doi.org/10.1038/s41598-020-67154-8,Rae
3.3026,,,528.306,492.672,565.597,delaVega2020,ODP999,12.744,-78.7393,,https://doi.org/10.1038/s41598-020-67154-8,Rae
3.3041,,,474.73,443.154,507.388,delaVega2020,ODP999,12.744,-78.7393,,https://doi.org/10.1038/s41598-020-67154-8,Rae
3.3108,,,459.01,427.979,491.358,delaVega2020,ODP999,12.744,-78.7393,,https://doi.org/10.1038/s41598-020-67154-8,Rae
3.3146,,,476.746,444.806,509.948,delaVega2020,ODP999,12.744,-78.7393,,https://doi.org/10.1038/s41598-020-67154-8,Rae
3.3175,,,364.661,340.438,389.598,delaVega2020,ODP999,12.744,-78.7393,,https://doi.org/10.1038/s41598-020-67154-8,Rae
3.3203,,,418.965,392.048,446.072,delaVega2020,ODP999,12.744,-78.7393,,https://doi.org/10.1038/s41598-020-67154-8,Rae
3.3232,,,335.441,313.098,358.438,delaVega2020,ODP999,12.744,-78.7393,,https://doi.org/10.1038/s41598-020-67154-8,Rae
3.3261,,,481.739,449.493,515.211,delaVega2020,ODP999,12.744,-78.7393,,https://doi.org/10.1038/s41598-020-67154-8,Rae
3.3292,,,370.472,345.703,395.986,delaVega2020,ODP999,12.744,-78.7393,,https://doi.org/10.1038/s41598-020-67154-8,Rae
3.3321,,,354.202,330.636,378.425,delaVega2020,ODP999,12.744,-78.7393,,https://doi.org/10.1038/s41598-020-67154-8,Rae
4.4242,,,270.642,253.482,288.317,Sosdian2018,ODP926,3.7191,-42.9081,,https://doi.org/10.1016/j.epsl.2018.06.017,Rae
4.8602,,,414.225,360.838,477.035,Sosdian2018,ODP926,3.7191,-42.9081,,https://doi.org/10.1016/j.epsl.2018.06.017,Rae
5.3329,,,433.863,403.644,465.395,Sosdian2018,ODP926,3.7191,-42.9081,,https://doi.org/10.1016/j.epsl.2018.06.017,Rae
5.8016,,,423.052,384.066,464.82,Sosdian2018,ODP926,3.7191,-42.9081,,https://doi.org/10.1016/j.epsl.2018.06.017,Rae
5.8063,,,288.678,270.432,307.038,Sosdian2018,ODP1000,16.5537,-79.8674,,https://doi.org/10.1016/j.epsl.2018.06.017,Rae
6.5353,,,374.034,349.148,399.022,Sosdian2018,ODP1000,16.5537,-79.8674,,https://doi.org/10.1016/j.epsl.2018.06.017,Rae
7.0019,,,417.193,388.559,446,Sosdian2018,ODP1000,16.5537,-79.8674,,https://doi.org/10.1016/j.epsl.2018.06.017,Rae
8.4465,,,418.476,386.805,450.133,Sosdian2018,ODP1000,16.5537,-79.8674,,https://doi.org/10.1016/j.epsl.2018.06.017,Rae
8.561,,,529.551,481.12,580.147,Sosdian2018,ODP926,3.7191,-42.9081,,https://doi.org/10.1016/j.epsl.2018.06.017,Rae
9.2443,,,481.366,440.417,523.552,Sosdian2018,ODP926,3.7191,-42.9081,,https://doi.org/10.1016/j.epsl.2018.06.017,Rae
9.874,,,330.555,302.418,358.915,Sosdian2018,ODP926,3.7191,-42.9081,,https://doi.org/10.1016/j.epsl.2018.06.017,Rae
10.6039,,,406.473,353.633,465.322,Sosdian2018,ODP926,3.7191,-42.9081,,https://doi.org/10.1016/j.epsl.2018.06.017,Rae
11.5393,,,431.123,386.842,477.365,Sosdian2018,ODP761,-16.737,115.535,,https://doi.org/10.1016/j.epsl.2018.06.017,Rae
11.8,,,560.307,507.089,614.326,Foster2012,ODP926,3.7191,-42.9081,,https://doi.org/10.1016/j.epsl.2012.06.007,Rae
12.0986,,,423.6,379.256,469.802,Sosdian2018,ODP761,-16.737,115.535,,https://doi.org/10.1016/j.epsl.2018.06.017,Rae
12.2813,,,420.16,379.155,461.405,Foster2012,ODP761,-16.737,115.535,,https://doi.org/10.1016/j.epsl.2012.06.007,Rae
12.5198,,,357.971,306.615,415.59,Sosdian2018,ODP761,-16.737,115.535,,https://doi.org/10.1016/j.epsl.2018.06.017,Rae
12.719,,,498.954,449.18,548.974,Foster2012,ODP761,-16.737,115.535,,https://doi.org/10.1016/j.epsl.2012.06.007,Rae
13.2532,,,551.044,494.482,608.235,Foster2012,ODP761,-16.737,115.535,,https://doi.org/10.1016/j.epsl.2012.06.007,Rae
13.4769,,,548.409,491.396,606.086,Foster2012,ODP761,-16.737,115.535,,https://doi.org/10.1016/j.epsl.2012.06.007,Rae
13.6,,,521.142,467.077,575.452,Foster2012,ODP926,3.7191,-42.9081,,https://doi.org/10.1016/j.epsl.2012.06.007,Rae
13.6982,,,568.579,509.161,628.563,Badger2013,Ras il‐Pellegrin,35.9155,14.33433333,,https://doi.org/10.1002/palo.20015,Rae
13.7159,,,539.897,483.043,597.273,Foster2012,ODP761,-16.737,115.535,,https://doi.org/10.1016/j.epsl.2012.06.007,Rae
13.7357,,,579.247,518.596,640.472,Badger2013,Ras il‐Pellegrin,35.9155,14.33433333,,https://doi.org/10.1002/palo.20015,Rae
13.7405,,,515.46,461.298,569.955,Badger2013,Ras il‐Pellegrin,35.9155,14.33433333,,https://doi.org/10.1002/palo.20015,Rae
13.7663,,,690.856,618.276,764.297,Badger2013,Ras il‐Pellegrin,35.9155,14.33433333,,https://doi.org/10.1002/palo.20015,Rae
13.7856,,,649.527,581.33,718.426,Badger2013,Ras il‐Pellegrin,35.9155,14.33433333,,https://doi.org/10.1002/palo.20015,Rae
13.7985,,,718.912,643.3,795.322,Badger2013,Ras il‐Pellegrin,35.9155,14.33433333,,https://doi.org/10.1002/palo.20015,Rae
13.8328,,,582.861,521.006,645.413,Foster2012,ODP761,-16.737,115.535,,https://doi.org/10.1016/j.epsl.2012.06.007,Rae
14.1709,,,609.006,542.883,676.863,Foster2012,ODP761,-16.737,115.535,,https://doi.org/10.1016/j.epsl.2012.06.007,Rae
14.3107,,,621.739,554.522,689.597,Foster2012,ODP761,-16.737,115.535,,https://doi.org/10.1016/j.epsl.2012.06.007,Rae
14.796,,,886.623,783.529,995.098,Foster2012,ODP761,-16.737,115.535,,https://doi.org/10.1016/j.epsl.2012.06.007,Rae
14.94,,,808.98,719.789,899.14,Foster2012,ODP926,3.7191,-42.9081,,https://doi.org/10.1016/j.epsl.2012.06.007,Rae
15.0372,,,772.795,681.41,869.095,Foster2012,ODP761,-16.737,115.535,,https://doi.org/10.1016/j.epsl.2012.06.007,Rae
15.5413,,,657.768,581.014,737.074,Greenop2014,ODP761,-16.737,115.535,,https://doi.org/10.1002/2014PA002653,Rae
15.5599,,,683.905,606.324,762.948,Foster2012,ODP761,-16.737,115.535,,https://doi.org/10.1016/j.epsl.2012.06.007,Rae
15.5996,,,986.628,872.626,1104.252,Greenop2014,ODP761,-16.737,115.535,,https://doi.org/10.1002/2014PA002653,Rae
15.6128,,,1049.687,931.4,1170.446,Greenop2014,ODP761,-16.737,115.535,,https://doi.org/10.1002/2014PA002653,Rae
15.626,,,728.213,645.11,813.305,Greenop2014,ODP761,-16.737,115.535,,https://doi.org/10.1002/2014PA002653,Rae
15.6524,,,643.655,567.933,722.139,Greenop2014,ODP761,-16.737,115.535,,https://doi.org/10.1002/2014PA002653,Rae
15.6921,,,627.018,542.014,720.189,Greenop2014,ODP761,-16.737,115.535,,https://doi.org/10.1002/2014PA002653,Rae
15.7186,,,1104.342,905.865,1357.923,Greenop2014,ODP761,-16.737,115.535,,https://doi.org/10.1002/2014PA002653,Rae
15.7585,,,636.362,554.452,723.52,Greenop2014,ODP761,-16.737,115.535,,https://doi.org/10.1002/2014PA002653,Rae
15.7719,,,688.728,596.49,789.289,Greenop2014,ODP761,-16.737,115.535,,https://doi.org/10.1002/2014PA002653,Rae
15.8066,,,1168.311,1022.565,1324.257,Greenop2014,ODP761,-16.737,115.535,,https://doi.org/10.1002/2014PA002653,Rae
15.8389,,,970.231,851.919,1095.679,Greenop2014,ODP761,-16.737,115.535,,https://doi.org/10.1002/2014PA002653,Rae
15.866,,,932.29,819.051,1052.551,Foster2012,ODP761,-16.737,115.535,,https://doi.org/10.1016/j.epsl.2012.06.007,Rae
15.8932,,,616.405,545.419,688.927,Greenop2014,ODP761,-16.737,115.535,,https://doi.org/10.1002/2014PA002653,Rae
15.9537,,,628.046,532.135,737.639,Greenop2014,ODP761,-16.737,115.535,,https://doi.org/10.1002/2014PA002653,Rae
15.962,,,701.156,618.292,787.557,Greenop2014,ODP761,-16.737,115.535,,https://doi.org/10.1002/2014PA002653,Rae
15.9759,,,1359.258,1204.231,1519.053,Greenop2014,ODP761,-16.737,115.535,,https://doi.org/10.1002/2014PA002653,Rae
15.9899,,,711.382,626.707,800.073,Greenop2014,ODP761,-16.737,115.535,,https://doi.org/10.1002/2014PA002653,Rae
16.0138,,,734.018,649.552,820.728,Sosdian2018,ODP926,3.7191,-42.9081,,https://doi.org/10.1016/j.epsl.2018.06.017,Rae
16.0241,,,508.259,450.493,566.675,Sosdian2018,ODP926,3.7191,-42.9081,,https://doi.org/10.1016/j.epsl.2018.06.017,Rae
16.0607,,,642.836,568.22,719.679,Greenop2014,ODP761,-16.737,115.535,,https://doi.org/10.1002/2014PA002653,Rae
16.0714,,,587.614,521.058,655.114,Sosdian2018,ODP926,3.7191,-42.9081,,https://doi.org/10.1016/j.epsl.2018.06.017,Rae
16.1187,,,901.361,776.104,1040.833,Greenop2014,ODP761,-16.737,115.535,,https://doi.org/10.1002/2014PA002653,Rae
16.1482,,,685.656,607.169,765.561,Greenop2014,ODP761,-16.737,115.535,,https://doi.org/10.1002/2014PA002653,Rae
16.178,,,596.282,527.441,666.608,Greenop2014,ODP761,-16.737,115.535,,https://doi.org/10.1002/2014PA002653,Rae
16.2083,,,515.754,446.787,590.251,Greenop2014,ODP761,-16.737,115.535,,https://doi.org/10.1002/2014PA002653,Rae
16.2389,,,1069.37,911.999,1249.162,Greenop2014,ODP761,-16.737,115.535,,https://doi.org/10.1002/2014PA002653,Rae
16.27,,,613.921,544.556,683.8,Greenop2014,ODP761,-16.737,115.535,,https://doi.org/10.1002/2014PA002653,Rae
16.3015,,,1067.383,946.4,1190.347,Greenop2014,ODP761,-16.737,115.535,,https://doi.org/10.1002/2014PA002653,Rae
16.3335,,,580.584,514.614,646.899,Greenop2014,ODP761,-16.737,115.535,,https://doi.org/10.1002/2014PA002653,Rae
16.3659,,,1154.207,1020.371,1291.889,Greenop2014,ODP761,-16.737,115.535,,https://doi.org/10.1002/2014PA002653,Rae
16.3773,,,463.58,411.112,516.074,Sosdian2018,ODP926,3.7191,-42.9081,,https://doi.org/10.1016/j.epsl.2018.06.017,Rae
16.3824,,,510.679,452.469,569.28,Foster2012,ODP761,-16.737,115.535,,https://doi.org/10.1016/j.epsl.2012.06.007,Rae
16.399,,,982.871,869.474,1099.182,Greenop2014,ODP761,-16.737,115.535,,https://doi.org/10.1002/2014PA002653,Rae
16.4157,,,491.704,435.697,547.991,Greenop2014,ODP761,-16.737,115.535,,https://doi.org/10.1002/2014PA002653,Rae
16.4667,,,1208.046,998.214,1469.798,Greenop2014,ODP761,-16.737,115.535,,https://doi.org/10.1002/2014PA002653,Rae
16.591,,,607.498,538.218,677.188,Greenop2014,ODP761,-16.737,115.535,,https://doi.org/10.1002/2014PA002653,Rae
16.6469,,,543.052,480.853,605.604,Greenop2014,ODP761,-16.737,115.535,,https://doi.org/10.1002/2014PA002653,Rae
16.6851,,,525.742,460.747,594.348,Greenop2014,ODP761,-16.737,115.535,,https://doi.org/10.1002/2014PA002653,Rae
16.7168,,,888.638,786.661,992.497,Sosdian2018,ODP872,10.0977,162.8667,,https://doi.org/10.1016/j.epsl.2018.06.017,Rae
16.7637,,,770.228,677.91,866.594,Greenop2014,ODP761,-16.737,115.535,,https://doi.org/10.1002/2014PA002653,Rae
16.8611,,,524.194,463.544,585.84,Sosdian2018,ODP926,3.7191,-42.9081,,https://doi.org/10.1016/j.epsl.2018.06.017,Rae
16.8972,,,559.184,493.838,625.945,Sosdian2018,ODP926,3.7191,-42.9081,,https://doi.org/10.1016/j.epsl.2018.06.017,Rae
16.9752,,,463.523,402.241,528.475,Greenop2014,ODP761,-16.737,115.535,,https://doi.org/10.1002/2014PA002653,Rae
17.0815,,,484.724,427.584,543.073,Sosdian2018,ODP926,3.7191,-42.9081,,https://doi.org/10.1016/j.epsl.2018.06.017,Rae
17.1136,,,579.581,512.192,648.375,Greenop2014,ODP761,-16.737,115.535,,https://doi.org/10.1002/2014PA002653,Rae
17.7192,,,795.887,703.474,889.224,Sosdian2018,ODP872,10.0977,162.8667,,https://doi.org/10.1016/j.epsl.2018.06.017,Rae
18.247,,,456.172,402.413,510.088,Sosdian2018,ODP926,3.7191,-42.9081,,https://doi.org/10.1016/j.epsl.2018.06.017,Rae
18.5083,,,547.414,482.778,612.178,Sosdian2018,ODP872,10.0977,162.8667,,https://doi.org/10.1016/j.epsl.2018.06.017,Rae
19.1352,,,649.256,572,727.147,Sosdian2018,ODP926,3.7191,-42.9081,,https://doi.org/10.1016/j.epsl.2018.06.017,Rae
19.4345,,,449.399,391.614,509.977,Sosdian2018,ODP872,10.0977,162.8667,,https://doi.org/10.1016/j.epsl.2018.06.017,Rae
20.0318,,,622.698,547.267,699.077,Sosdian2018,ODP872,10.0977,162.8667,,https://doi.org/10.1016/j.epsl.2018.06.017,Rae
20.087,,,405.385,355.919,454.626,Sosdian2018,ODP926,3.7191,-42.9081,,https://doi.org/10.1016/j.epsl.2018.06.017,Rae
20.5608,,,734.251,644.854,824.44,Sosdian2018,ODP872,10.0977,162.8667,,https://doi.org/10.1016/j.epsl.2018.06.017,Rae
21.1673,,,613.298,537.668,689.368,Greenop2019,ODP872,10.0977,162.8667,,https://doi.org/10.1029/2018PA003420,Rae
21.3961,,,542.559,474.956,610.164,Greenop2019,ODP872,10.0977,162.8667,,https://doi.org/10.1029/2018PA003420,Rae
21.7753,,,558.101,488.223,627.962,Sosdian2018,ODP872,10.0977,162.8667,,https://doi.org/10.1016/j.epsl.2018.06.017,Rae
21.8397,,,572.818,499.743,647.731,Greenop2019,ODP872,10.0977,162.8667,,https://doi.org/10.1029/2018PA003420,Rae
22.022,,,506.841,437.228,581.03,Greenop2019,ODP926,3.7191,-42.9081,,https://doi.org/10.1029/2018PA003420,Rae
22.161,,,798.986,690.767,914.537,Greenop2019,ODP926,3.7191,-42.9081,,https://doi.org/10.1029/2018PA003420,Rae
22.442,,,773.541,676.398,871.925,Greenop2019,ODP926,3.7191,-42.9081,,https://doi.org/10.1029/2018PA003420,Rae
22.51,,,612.727,535.56,690.834,Greenop2019,ODP926,3.7191,-42.9081,,https://doi.org/10.1029/2018PA003420,Rae
22.521,,,752.658,657.288,849.995,Greenop2019,ODP926,3.7191,-42.9081,,https://doi.org/10.1029/2018PA003420,Rae
22.58,,,746.754,653.072,841.691,Greenop2019,ODP926,3.7191,-42.9081,,https://doi.org/10.1029/2018PA003420,Rae
22.589,,,564.981,493.64,636.397,Greenop2019,ODP926,3.7191,-42.9081,,https://doi.org/10.1029/2018PA003420,Rae
22.661,,,629.779,549.717,711.722,Greenop2019,ODP926,3.7191,-42.9081,,https://doi.org/10.1029/2018PA003420,Rae
22.673,,,709.239,613.225,810.709,Greenop2019,ODP926,3.7191,-42.9081,,https://doi.org/10.1029/2018PA003420,Rae
22.696,,,570.486,498.094,643.68,Greenop2019,ODP926,3.7191,-42.9081,,https://doi.org/10.1029/2018PA003420,Rae
22.728,,,427.653,373.068,482.267,Greenop2019,ODP926,3.7191,-42.9081,,https://doi.org/10.1029/2018PA003420,Rae
22.736,,,527.479,460.426,594.481,Greenop2019,ODP926,3.7191,-42.9081,,https://doi.org/10.1029/2018PA003420,Rae
22.81,,,427.674,373.111,482.256,Greenop2019,ODP926,3.7191,-42.9081,,https://doi.org/10.1029/2018PA003420,Rae
22.815,,,438.87,382.91,494.809,Greenop2019,ODP926,3.7191,-42.9081,,https://doi.org/10.1029/2018PA003420,Rae
22.82,,,480.649,419.358,541.949,Greenop2019,ODP926,3.7191,-42.9081,,https://doi.org/10.1029/2018PA003420,Rae
22.872,,,719.032,628.112,811.043,Greenop2019,ODP926,3.7191,-42.9081,,https://doi.org/10.1029/2018PA003420,Rae
22.895,,,601.346,524.812,678.608,Greenop2019,ODP926,3.7191,-42.9081,,https://doi.org/10.1029/2018PA003420,Rae
22.939,,,489.439,426.607,553.668,Greenop2019,ODP926,3.7191,-42.9081,,https://doi.org/10.1029/2018PA003420,Rae
22.968,,,452.68,394.859,510.515,Greenop2019,ODP926,3.7191,-42.9081,,https://doi.org/10.1029/2018PA003420,Rae
23.008,,,481.652,420.521,542.271,Greenop2019,ODP926,3.7191,-42.9081,,https://doi.org/10.1029/2018PA003420,Rae
23.023,,,511.54,445.441,579.051,Greenop2019,ODP926,3.7191,-42.9081,,https://doi.org/10.1029/2018PA003420,Rae
23.075,,,581.844,507.645,656.087,Greenop2019,ODP926,3.7191,-42.9081,,https://doi.org/10.1029/2018PA003420,Rae
23.087,,,573.027,499.39,648.222,Greenop2019,ODP926,3.7191,-42.9081,,https://doi.org/10.1029/2018PA003420,Rae
23.094,,,535.177,466.841,604.131,Greenop2019,ODP926,3.7191,-42.9081,,https://doi.org/10.1029/2018PA003420,Rae
23.157,,,495.395,431.842,559.345,Greenop2019,ODP926,3.7191,-42.9081,,https://doi.org/10.1029/2018PA003420,Rae
23.249,,,578.588,502.914,656.164,Greenop2019,ODP926,3.7191,-42.9081,,https://doi.org/10.1029/2018PA003420,Rae
23.264,,,567.348,494.659,640.44,Greenop2019,ODP926,3.7191,-42.9081,,https://doi.org/10.1029/2018PA003420,Rae
23.306,,,483.543,420.954,547.383,Greenop2019,ODP926,3.7191,-42.9081,,https://doi.org/10.1029/2018PA003420,Rae
23.338,,,497.836,433.879,561.877,Greenop2019,ODP926,3.7191,-42.9081,,https://doi.org/10.1029/2018PA003420,Rae
23.575,,,492.683,429.214,556.296,Greenop2019,ODP926,3.7191,-42.9081,,https://doi.org/10.1029/2018PA003420,Rae
23.579,,,481.017,418.938,543.207,Greenop2019,ODP926,3.7191,-42.9081,,https://doi.org/10.1029/2018PA003420,Rae
23.662,,,479.223,417.176,541.371,Greenop2019,ODP926,3.7191,-42.9081,,https://doi.org/10.1029/2018PA003420,Rae
23.733,,,582.12,507.088,657.444,Greenop2019,ODP926,3.7191,-42.9081,,https://doi.org/10.1029/2018PA003420,Rae
23.797,,,503.31,435.527,573.828,Greenop2019,ODP926,3.7191,-42.9081,,https://doi.org/10.1029/2018PA003420,Rae
23.821,,,506.095,440.299,572.865,Greenop2019,ODP926,3.7191,-42.9081,,https://doi.org/10.1029/2018PA003420,Rae
23.857,,,684.801,570.846,815.856,Greenop2019,ODP926,3.7191,-42.9081,,https://doi.org/10.1029/2018PA003420,Rae
23.928,,,471.733,410.308,533.34,Greenop2019,ODP926,3.7191,-42.9081,,https://doi.org/10.1029/2018PA003420,Rae
23.978,,,419.696,364.254,476.206,Greenop2019,ODP926,3.7191,-42.9081,,https://doi.org/10.1029/2018PA003420,Rae
24.018,,,514.951,439.221,596.215,Greenop2019,ODP926,3.7191,-42.9081,,https://doi.org/10.1029/2018PA003420,Rae
32.98,,,668.184,569.309,767.19,Pearson2009,TDP17,-9.186493836,39.55106225,,https://doi.org/10.1038/nature08447,Rae
33.17,,,786.061,669.616,902.927,Pearson2009,TDP17,-9.186493836,39.55106225,,https://doi.org/10.1038/nature08447,Rae
33.33,,,911.08,776.252,1046.407,Pearson2009,TDP17,-9.186493836,39.55106225,,https://doi.org/10.1038/nature08447,Rae
33.38,,,905.042,770.998,1039.286,Pearson2009,TDP12,-9.215205707,39.54822101,,https://doi.org/10.1038/nature08447,Rae
33.59,,,764.198,650.479,878.253,Pearson2009,TDP17,-9.186493836,39.55106225,,https://doi.org/10.1038/nature08447,Rae
33.96,,,936.247,796.274,1076.596,Pearson2009,TDP12,-9.215205707,39.54822101,,https://doi.org/10.1038/nature08447,Rae
34.21,,,973.694,827.668,1120.287,Pearson2009,TDP12,-9.215205707,39.54822101,,https://doi.org/10.1038/nature08447,Rae
34.42,,,968.682,820.322,1121.75,Pearson2009,TDP12,-9.215205707,39.54822101,,https://doi.org/10.1038/nature08447,Rae
34.63,,,864.512,731.05,1002.182,Pearson2009,TDP12,-9.215205707,39.54822101,,https://doi.org/10.1038/nature08447,Rae
35.6075,,,1024.167,867.246,1181.172,Anagnostou2020,ODP865,18.4402,-179.555,,https://doi.org/10.1038/s41467-020-17887-x,Rae
36.3964,,,954.165,805.597,1104.795,Anagnostou2020,ODP865,18.4402,-179.555,,https://doi.org/10.1038/s41467-020-17887-x,Rae
36.9,,,900.805,756.46,1050.322,Anagnostou2016,PP98L-2,-9.90225,39.70458,,https://doi.org/10.1038/nature17423,Rae
36.9633,,,993.979,838.858,1150.045,Anagnostou2020,ODP865,18.4402,-179.555,,https://doi.org/10.1038/s41467-020-17887-x,Rae
36.9633,,,953.464,804.326,1102.727,Anagnostou2020,ODP865,18.4402,-179.555,,https://doi.org/10.1038/s41467-020-17887-x,Rae
37.6361,,,958.401,796.401,1132.667,Anagnostou2020,ODP865,18.4402,-179.555,,https://doi.org/10.1038/s41467-020-17887-x,Rae
38.1094,,,1065.263,895.804,1236.673,Anagnostou2020,ODP865,18.4402,-179.555,,https://doi.org/10.1038/s41467-020-17887-x,Rae
38.7811,,,1062.452,892.9,1231.734,Anagnostou2020,ODP865,18.4402,-179.555,,https://doi.org/10.1038/s41467-020-17887-x,Rae
38.7811,,,1056.835,888.076,1226.148,Anagnostou2020,ODP865,18.4402,-179.555,,https://doi.org/10.1038/s41467-020-17887-x,Rae
38.7811,,,1109.387,931.71,1287.453,Anagnostou2020,ODP865,18.4402,-179.555,,https://doi.org/10.1038/s41467-020-17887-x,Rae
38.7811,,,1072.833,900.949,1246.763,Anagnostou2020,ODP865,18.4402,-179.555,,https://doi.org/10.1038/s41467-020-17887-x,Rae
39.124,,,868.755,728.795,1008.342,Anagnostou2020,ODP865,18.4402,-179.555,,https://doi.org/10.1038/s41467-020-17887-x,Rae
39.327,,,901.673,756.218,1046.53,Henehan2020,ODP865,18.4404,-179.555,,https://doi.org/10.1029/2019PA003713,Rae
39.446,,,976.663,816.931,1138.964,Anagnostou2020,ODP865,18.4402,-179.555,,https://doi.org/10.1038/s41467-020-17887-x,Rae
39.446,,,1082.907,908,1257.976,Anagnostou2020,ODP865,18.4402,-179.555,,https://doi.org/10.1038/s41467-020-17887-x,Rae
39.8079,,,1052.243,882.295,1222.393,Henehan2020,ODP1260,9.2658,-54.5439,,https://doi.org/10.1029/2019PA003713,Rae
39.911,,,905.796,759.145,1052.688,Henehan2020,ODP1260,9.2658,-54.5439,,https://doi.org/10.1029/2019PA003713,Rae
39.958,,,976.808,818.106,1135.473,Henehan2020,ODP865,18.4404,-179.555,,https://doi.org/10.1029/2019PA003713,Rae
39.9827,,,867.263,726.366,1007.756,Henehan2020,ODP1260,9.2658,-54.5439,,https://doi.org/10.1029/2019PA003713,Rae
40,,,957.347,801.581,1113.087,Henehan2020,ODP865,18.4404,-179.555,,https://doi.org/10.1029/2019PA003713,Rae
40.031,,,1067.816,894.209,1241.441,Henehan2020,ODP865,18.4404,-179.555,,https://doi.org/10.1029/2019PA003713,Rae
40.0615,,,1056.59,885.397,1229.005,Henehan2020,ODP1260,9.2658,-54.5439,,https://doi.org/10.1029/2019PA003713,Rae
40.092,,,1275.365,1068.614,1483.793,Henehan2020,ODP865,18.4404,-179.555,,https://doi.org/10.1029/2019PA003713,Rae
40.1109,,,1156.741,969.075,1344.8,Henehan2020,ODP1260,9.2658,-54.5439,,https://doi.org/10.1029/2019PA003713,Rae
40.14,,,1330.852,1115.112,1548.199,Henehan2020,ODP865,18.4404,-179.555,,https://doi.org/10.1029/2019PA003713,Rae
40.14,,,1259.382,1055.405,1464.772,Henehan2020,ODP865,18.4404,-179.555,,https://doi.org/10.1029/2019PA003713,Rae
40.169,,,1628.614,1362.18,1900.777,Henehan2020,ODP865,18.4404,-179.555,,https://doi.org/10.1029/2019PA003713,Rae
40.244,,,956.708,800.768,1112.578,Henehan2020,ODP865,18.4404,-179.555,,https://doi.org/10.1029/2019PA003713,Rae
40.2502,,,953.186,798.31,1108.264,Henehan2020,ODP1260,9.2658,-54.5439,,https://doi.org/10.1029/2019PA003713,Rae
40.2506,,,1119.992,937.343,1302.532,Anagnostou2020,ODP865,18.4402,-179.555,,https://doi.org/10.1038/s41467-020-17887-x,Rae
40.3,,,830.077,694.073,966.108,Anagnostou2016,TDP18,-9.2689,39.5339,,https://doi.org/10.1038/nature17423,Rae
40.309,,,975.009,816.021,1133.966,Henehan2020,ODP865,18.4404,-179.555,,https://doi.org/10.1029/2019PA003713,Rae
40.338,,,1135.771,950.551,1320.808,Anagnostou2020,ODP1260,9.2658,-54.54388,,https://doi.org/10.1038/s41467-020-17887-x,Rae
40.378,,,949.879,794.726,1105.153,Henehan2020,ODP865,18.4404,-179.555,,https://doi.org/10.1029/2019PA003713,Rae
40.3941,,,978.517,818.673,1138.275,Henehan2020,ODP1260,9.2658,-54.5439,,https://doi.org/10.1029/2019PA003713,Rae
40.517,,,1009.914,844.502,1175.193,Henehan2020,ODP865,18.4404,-179.555,,https://doi.org/10.1029/2019PA003713,Rae
40.5172,,,950.672,795.507,1106.004,Henehan2020,ODP1260,9.2658,-54.5439,,https://doi.org/10.1029/2019PA003713,Rae
40.629,,,1090.795,912.318,1269.336,Henehan2020,ODP865,18.4404,-179.555,,https://doi.org/10.1029/2019PA003713,Rae
40.6489,,,922.466,771.179,1073.53,Henehan2020,ODP1260,9.2658,-54.5439,,https://doi.org/10.1029/2019PA003713,Rae
40.81,,,1068.307,893.274,1244.054,Henehan2020,ODP865,18.4404,-179.555,,https://doi.org/10.1029/2019PA003713,Rae
40.9178,,,1008.53,842.406,1174.612,Anagnostou2020,ODP865,18.4402,-179.555,,https://doi.org/10.1038/s41467-020-17887-x,Rae
40.921,,,963.297,804.812,1122.005,Henehan2020,ODP865,18.4404,-179.555,,https://doi.org/10.1029/2019PA003713,Rae
40.933,,,1059.967,885.675,1233.647,Anagnostou2020,ODP1260,9.2658,-54.54388,,https://doi.org/10.1038/s41467-020-17887-x,Rae
41.0123,,,1121.612,937.282,1306.067,Henehan2020,ODP1260,9.2658,-54.5439,,https://doi.org/10.1029/2019PA003713,Rae
41.13,,,908.982,758.607,1058.872,Henehan2020,ODP865,18.4404,-179.555,,https://doi.org/10.1029/2019PA003713,Rae
41.4678,,,1079.021,899.964,1259.325,Anagnostou2020,ODP865,18.4402,-179.555,,https://doi.org/10.1038/s41467-020-17887-x,Rae
41.53,,,927.916,773.399,1081.895,Henehan2020,ODP865,18.4404,-179.555,,https://doi.org/10.1029/2019PA003713,Rae
41.796,,,910.815,758.827,1062.493,Anagnostou2020,ODP1260,9.2658,-54.54388,,https://doi.org/10.1038/s41467-020-17887-x,Rae
42.3874,,,1014.91,844.642,1184.364,Anagnostou2020,ODP865,18.4402,-179.555,,https://doi.org/10.1038/s41467-020-17887-x,Rae
43.068,,,1048.052,870.36,1225.317,Anagnostou2020,ODP865,18.4402,-179.555,,https://doi.org/10.1038/s41467-020-17887-x,Rae
43.068,,,1080.019,897.281,1261.884,Anagnostou2020,ODP865,18.4402,-179.555,,https://doi.org/10.1038/s41467-020-17887-x,Rae
43.3836,,,981.202,814.611,1147.133,Anagnostou2020,ODP865,18.4402,-179.555,,https://doi.org/10.1038/s41467-020-17887-x,Rae
43.7442,,,1163.208,965.566,1359.723,Anagnostou2020,ODP865,18.4402,-179.555,,https://doi.org/10.1038/s41467-020-17887-x,Rae
43.763,,,1106.522,917.765,1295.507,Anagnostou2020,ODP1260,9.2658,-54.54388,,https://doi.org/10.1038/s41467-020-17887-x,Rae
44.4,,,953.31,789.803,1117.915,Anagnostou2016,TDP2,-8.9213,39.5037,,https://doi.org/10.1038/nature17423,Rae
44.5376,,,1135.166,939.374,1330.297,Anagnostou2020,ODP865,18.4402,-179.555,,https://doi.org/10.1038/s41467-020-17887-x,Rae
44.825,,,1042.502,862.281,1222.346,Anagnostou2020,ODP1260,9.2658,-54.54388,,https://doi.org/10.1038/s41467-020-17887-x,Rae
44.8734,,,1081.802,894.226,1268.705,Anagnostou2020,ODP865,18.4402,-179.555,,https://doi.org/10.1038/s41467-020-17887-x,Rae
44.8734,,,1109.937,918.041,1301.243,Anagnostou2020,ODP865,18.4402,-179.555,,https://doi.org/10.1038/s41467-020-17887-x,Rae
44.8734,,,1010.266,835.382,1184.107,Anagnostou2020,ODP865,18.4402,-179.555,,https://doi.org/10.1038/s41467-020-17887-x,Rae
44.8734,,,948.377,783.714,1112.582,Anagnostou2020,ODP865,18.4402,-179.555,,https://doi.org/10.1038/s41467-020-17887-x,Rae
45.2048,,,1062.45,878.155,1245.839,Anagnostou2020,ODP865,18.4402,-179.555,,https://doi.org/10.1038/s41467-020-17887-x,Rae
45.2048,,,1141.871,943.853,1338.841,Anagnostou2020,ODP865,18.4402,-179.555,,https://doi.org/10.1038/s41467-020-17887-x,Rae
45.6,,,1065.699,879.771,1250.709,Anagnostou2016,TDP2,-8.9213,39.5037,,https://doi.org/10.1038/nature17423,Rae
45.701,,,963.775,795.105,1130.754,Anagnostou2020,ODP1260,9.2658,-54.54388,,https://doi.org/10.1038/s41467-020-17887-x,Rae
45.7536,,,1073.534,885.974,1260.661,Anagnostou2020,ODP865,18.4402,-179.555,,https://doi.org/10.1038/s41467-020-17887-x,Rae
46.3171,,,1089.591,897.805,1280.659,Anagnostou2020,ODP865,18.4402,-179.555,,https://doi.org/10.1038/s41467-020-17887-x,Rae
46.571,,,1089.797,897.703,1280.663,Anagnostou2020,ODP1258,9.43333,-54.73331,,https://doi.org/10.1038/s41467-020-17887-x,Rae
46.6552,,,1067.578,878.641,1255.63,Anagnostou2020,ODP865,18.4402,-179.555,,https://doi.org/10.1038/s41467-020-17887-x,Rae
47.3313,,,1102.201,905.988,1296.831,Anagnostou2020,ODP865,18.4402,-179.555,,https://doi.org/10.1038/s41467-020-17887-x,Rae
47.496,,,1319.05,1084.087,1554.957,Anagnostou2020,ODP1258,9.43333,-54.73331,,https://doi.org/10.1038/s41467-020-17887-x,Rae
48.0154,,,1106.335,907.845,1303.997,Anagnostou2020,ODP865,18.4402,-179.555,,https://doi.org/10.1038/s41467-020-17887-x,Rae
48.0154,,,1171.218,960.145,1380.923,Anagnostou2020,ODP865,18.4402,-179.555,,https://doi.org/10.1038/s41467-020-17887-x,Rae
48.1125,,,1266.009,1038.745,1493.33,Anagnostou2020,IODPU1407,41.42498,-49.81331,,https://doi.org/10.1038/s41467-020-17887-x,Rae
48.137,,,1561.771,1281.488,1844.764,Anagnostou2020,ODP1258,9.43333,-54.73331,,https://doi.org/10.1038/s41467-020-17887-x,Rae
49.001,,,1456.791,1192.908,1720.248,Anagnostou2020,ODP1258,9.43333,-54.73331,,https://doi.org/10.1038/s41467-020-17887-x,Rae
49.1345,,,1290.18,1054.658,1524.165,Anagnostou2020,ODP865,18.4402,-179.555,,https://doi.org/10.1038/s41467-020-17887-x,Rae
49.8186,,,1247.153,1017.905,1475.269,Anagnostou2020,ODP865,18.4402,-179.555,,https://doi.org/10.1038/s41467-020-17887-x,Rae
49.831,,,1188.968,971.031,1405.636,Anagnostou2020,ODP1258,9.43333,-54.73331,,https://doi.org/10.1038/s41467-020-17887-x,Rae
49.9907,,,1545.639,1262.827,1831.65,Anagnostou2020,IODPU1409,41.295653,-49.233088,,https://doi.org/10.1038/s41467-020-17887-x,Rae
49.9907,,,1495.265,1221.762,1771.803,Anagnostou2020,IODPU1409,41.295653,-49.233088,,https://doi.org/10.1038/s41467-020-17887-x,Rae
50.5416,,,1995.654,1628.162,2371.677,Anagnostou2020,IODPU1409,41.295653,-49.233088,,https://doi.org/10.1038/s41467-020-17887-x,Rae
50.5938,,,1929.842,1568.545,2310.302,Anagnostou2020,IODPU1409,41.295653,-49.233088,,https://doi.org/10.1038/s41467-020-17887-x,Rae
50.6032,,,1972.821,1609.741,2345.274,Anagnostou2020,IODPU1409,41.295653,-49.233088,,https://doi.org/10.1038/s41467-020-17887-x,Rae
50.6032,,,2125.065,1725.917,2551.448,Anagnostou2020,IODPU1409,41.295653,-49.233088,,https://doi.org/10.1038/s41467-020-17887-x,Rae
50.6222,,,1963.396,1601.946,2333.172,Anagnostou2020,IODPU1409,41.295653,-49.233088,,https://doi.org/10.1038/s41467-020-17887-x,Rae
50.683,,,1739.17,1420.651,2061.527,Anagnostou2020,IODPU1409,41.295653,-49.233088,,https://doi.org/10.1038/s41467-020-17887-x,Rae
50.705,,,1236.233,1008.547,1462.68,Anagnostou2020,ODP1258,9.43333,-54.73331,,https://doi.org/10.1038/s41467-020-17887-x,Rae
50.856,,,1151.249,939.424,1361.921,Anagnostou2020,ODP1258,9.43333,-54.73331,,https://doi.org/10.1038/s41467-020-17887-x,Rae
51.2885,,,1794.503,1465.673,2127.441,Anagnostou2020,IODPU1409,41.295653,-49.233088,,https://doi.org/10.1038/s41467-020-17887-x,Rae
51.6049,,,1377.457,1125.162,1632.065,Anagnostou2020,IODPU1409,41.295653,-49.233088,,https://doi.org/10.1038/s41467-020-17887-x,Rae
51.6315,,,1464.872,1196.622,1736.189,Anagnostou2020,IODPU1409,41.295653,-49.233088,,https://doi.org/10.1038/s41467-020-17887-x,Rae
51.6315,,,1584.898,1292.055,1886.264,Anagnostou2020,IODPU1409,41.295653,-49.233088,,https://doi.org/10.1038/s41467-020-17887-x,Rae
51.6581,,,1715.601,1400.588,2036.002,Anagnostou2020,IODPU1409,41.295653,-49.233088,,https://doi.org/10.1038/s41467-020-17887-x,Rae
51.6581,,,1632.114,1333.479,1933.996,Anagnostou2020,IODPU1409,41.295653,-49.233088,,https://doi.org/10.1038/s41467-020-17887-x,Rae
51.6581,,,1609.535,1314.795,1907.535,Anagnostou2020,IODPU1409,41.295653,-49.233088,,https://doi.org/10.1038/s41467-020-17887-x,Rae
51.7112,,,1874.657,1529.665,2229.166,Anagnostou2020,IODPU1409,41.295653,-49.233088,,https://doi.org/10.1038/s41467-020-17887-x,Rae
51.98,,,1271.816,1037.626,1504.553,Anagnostou2020,ODP1258,9.43333,-54.73331,,https://doi.org/10.1038/s41467-020-17887-x,Rae
51.98,,,1118.607,912.087,1323.701,Anagnostou2020,ODP1258,9.43333,-54.73331,,https://doi.org/10.1038/s41467-020-17887-x,Rae
52.8817,,,1407.613,1150.28,1667.436,Anagnostou2020,IODPU1409,41.295653,-49.233088,,https://doi.org/10.1038/s41467-020-17887-x,Rae
52.8817,,,1180.521,963.382,1396.959,Anagnostou2020,IODPU1409,41.295653,-49.233088,,https://doi.org/10.1038/s41467-020-17887-x,Rae
53.2,,,1203.656,982.414,1424.303,Anagnostou2016,TDP3,-8.85,39.63,,https://doi.org/10.1038/nature17423,Rae
53.628,,,1085.888,885.735,1284.913,Anagnostou2020,ODP1258,9.43333,-54.73331,,https://doi.org/10.1038/s41467-020-17887-x,Rae
53.8715,,,1125.398,918.51,1331.304,Anagnostou2020,IODPU1409,41.295653,-49.233088,,https://doi.org/10.1038/s41467-020-17887-x,Rae
53.963,,,1010.013,822.999,1197.418,Harper2020,ODP1210,32.22366,158.25936,,https://doi.org/10.1029/2019PA003699,Rae
53.9693,,,815.373,664.033,965.844,Harper2020,ODP1210,32.22366,158.25936,,https://doi.org/10.1029/2019PA003699,Rae
54.0078,,,1003.531,817.033,1192.122,Harper2020,ODP1210,32.22366,158.25936,,https://doi.org/10.1029/2019PA003699,Rae
54.0381,,,1214.187,991.264,1439.714,Harper2020,ODP1210,32.22366,158.25936,,https://doi.org/10.1029/2019PA003699,Rae
54.0441,,,1115.38,910.113,1319.308,Harper2020,ODP1210,32.22366,158.25936,,https://doi.org/10.1029/2019PA003699,Rae
54.0477,,,932.76,760.398,1103.628,Harper2020,ODP1210,32.22366,158.25936,,https://doi.org/10.1029/2019PA003699,Rae
54.05,,,872.452,710.947,1032.605,Harper2020,ODP1210,32.22366,158.25936,,https://doi.org/10.1029/2019PA003699,Rae
54.0508,,,951.259,775.319,1129.092,Harper2020,ODP1210,32.22366,158.25936,,https://doi.org/10.1029/2019PA003699,Rae
54.0515,,,965.501,787.099,1144.063,Harper2020,ODP1210,32.22366,158.25936,,https://doi.org/10.1029/2019PA003699,Rae
54.0526,,,855.993,697.475,1013.374,Harper2020,ODP1210,32.22366,158.25936,,https://doi.org/10.1029/2019PA003699,Rae
54.0541,,,779.518,634.874,923.27,Harper2020,ODP1210,32.22366,158.25936,,https://doi.org/10.1029/2019PA003699,Rae
54.0604,,,721.432,587.09,856.951,Harper2020,ODP1210,32.22366,158.25936,,https://doi.org/10.1029/2019PA003699,Rae
54.0803,,,784.612,639.094,929.431,Harper2020,ODP1210,32.22366,158.25936,,https://doi.org/10.1029/2019PA003699,Rae
54.678,,,769.774,627.275,910.844,Anagnostou2020,ODP1258,9.43333,-54.73331,,https://doi.org/10.1038/s41467-020-17887-x,Rae
55.0863,,,929.72,758.439,1099.727,Penman2014,ODP865,18.4404,-179.555,,https://doi.org/10.1002/2014PA002621,Rae
55.5057,,,1176.278,958.837,1399.337,Gutjahr2017,DSDP401,47.4275,-8.8103,,https://doi.org/10.1038/nature23646,Rae
55.5346,,,1160.119,946.48,1376.207,Gutjahr2017,DSDP401,47.4275,-8.8103,,https://doi.org/10.1038/nature23646,Rae
55.541,,,911.713,743.465,1078.74,Anagnostou2020,ODP1258,9.43333,-54.73331,,https://doi.org/10.1038/s41467-020-17887-x,Rae
55.5512,,,1215.042,990.597,1445.831,Gutjahr2017,DSDP401,47.4275,-8.8103,,https://doi.org/10.1038/nature23646,Rae
55.6023,,,1074.395,875.547,1277.064,Gutjahr2017,DSDP401,47.4275,-8.8103,,https://doi.org/10.1038/nature23646,Rae
55.624,,,1335.499,1088.938,1588.452,Gutjahr2017,DSDP401,47.4275,-8.8103,,https://doi.org/10.1038/nature23646,Rae
55.6346,,,1209.234,980.035,1455.154,Gutjahr2017,DSDP401,47.4275,-8.8103,,https://doi.org/10.1038/nature23646,Rae
55.6537,,,982.757,801.833,1162.428,Penman2014,ODP865,18.4404,-179.555,,https://doi.org/10.1002/2014PA002621,Rae
55.6546,,,959.118,782.361,1135.339,Gutjahr2017,DSDP401,47.4275,-8.8103,,https://doi.org/10.1038/nature23646,Rae
55.6768,,,974.641,795.16,1153.573,Gutjahr2017,DSDP401,47.4275,-8.8103,,https://doi.org/10.1038/nature23646,Rae
55.7023,,,912.297,744.389,1081.481,Gutjahr2017,DSDP401,47.4275,-8.8103,,https://doi.org/10.1038/nature23646,Rae
55.7235,,,993.234,810.597,1176.658,Gutjahr2017,DSDP401,47.4275,-8.8103,,https://doi.org/10.1038/nature23646,Rae
55.7479,,,1060.641,864.349,1260.295,Gutjahr2017,DSDP401,47.4275,-8.8103,,https://doi.org/10.1038/nature23646,Rae
55.7609,,,998.7,814.238,1187.028,Penman2014,ODP1263,-28.53266,2.77941,,https://doi.org/10.1002/2014PA002621,Rae
55.769,,,1010.32,824.601,1197.945,Gutjahr2017,DSDP401,47.4275,-8.8103,,https://doi.org/10.1038/nature23646,Rae
55.789,,,977.074,797.675,1155.123,Penman2014,ODP1209,32.65166,158.50593,,https://doi.org/10.1002/2014PA002621,Rae
55.7901,,,1181.184,963.471,1402.326,Gutjahr2017,DSDP401,47.4275,-8.8103,,https://doi.org/10.1038/nature23646,Rae
55.7938,,,1138.551,929.123,1345.781,Harper2020,ODP1209,32.65166,158.50593,,https://doi.org/10.1029/2019PA003699,Rae
55.7957,,,980.662,800.606,1159.368,Penman2014,ODP1209,32.65166,158.50593,,https://doi.org/10.1002/2014PA002621,Rae
55.8113,,,974.085,793.03,1159.026,Gutjahr2017,DSDP401,47.4275,-8.8103,,https://doi.org/10.1038/nature23646,Rae
55.8187,,,862.47,703.754,1019.83,Penman2014,ODP1209,32.65166,158.50593,,https://doi.org/10.1002/2014PA002621,Rae
55.8325,,,1222.4,980.445,1490.503,Gutjahr2017,DSDP401,47.4275,-8.8103,,https://doi.org/10.1038/nature23646,Rae
55.8469,,,1207.768,986.653,1427.482,Gutjahr2017,DSDP401,47.4275,-8.8103,,https://doi.org/10.1038/nature23646,Rae
55.8525,,,1474.117,1196.833,1769.511,Gutjahr2017,DSDP401,47.4275,-8.8103,,https://doi.org/10.1038/nature23646,Rae
55.8595,,,975.149,795.937,1156.344,Gutjahr2017,DSDP401,47.4275,-8.8103,,https://doi.org/10.1038/nature23646,Rae
55.8618,,,834.525,680.751,987.451,Penman2014,ODP1209,32.65166,158.50593,,https://doi.org/10.1002/2014PA002621,Rae
55.8666,,,967.401,787.519,1151.245,Penman2014,ODP1209,32.65166,158.50593,,https://doi.org/10.1002/2014PA002621,Rae
55.8676,,,1153.808,942.112,1364.395,Penman2014,ODP1209,32.65166,158.50593,,https://doi.org/10.1002/2014PA002621,Rae
55.8723,,,1149.526,903.559,1439.722,Gutjahr2017,DSDP401,47.4275,-8.8103,,https://doi.org/10.1038/nature23646,Rae
55.8889,,,1074.419,871.979,1285.838,Gutjahr2017,DSDP401,47.4275,-8.8103,,https://doi.org/10.1038/nature23646,Rae
55.9032,,,1123.867,916.299,1333.788,Gutjahr2017,DSDP401,47.4275,-8.8103,,https://doi.org/10.1038/nature23646,Rae
55.9075,,,1694.583,1381.558,2014.462,Harper2020,ODP1209,32.65166,158.50593,,https://doi.org/10.1029/2019PA003699,Rae
55.9075,,,1233.034,1006.468,1462.281,Penman2014,ODP1209,32.65166,158.50593,,https://doi.org/10.1002/2014PA002621,Rae
55.92,,,1107.206,901.892,1318.144,Gutjahr2017,DSDP401,47.4275,-8.8103,,https://doi.org/10.1038/nature23646,Rae
55.9235,,,1172.312,957.037,1386.159,Penman2014,ODP1209,32.65166,158.50593,,https://doi.org/10.1002/2014PA002621,Rae
55.9304,,,1394.22,1136.679,1654.51,Penman2014,ODP1209,32.65166,158.50593,,https://doi.org/10.1002/2014PA002621,Rae
55.9327,,,1383.106,1129.414,1635.359,Penman2014,ODP1209,32.65166,158.50593,,https://doi.org/10.1002/2014PA002621,Rae
55.9343,,,1121.463,915.201,1329.905,Gutjahr2017,DSDP401,47.4275,-8.8103,,https://doi.org/10.1038/nature23646,Rae
55.9358,,,1083.975,881.963,1293.455,Penman2014,ODP1263,-28.53266,2.77941,,https://doi.org/10.1002/2014PA002621,Rae
55.9387,,,947.694,773.345,1120.894,Penman2014,ODP865,18.4404,-179.555,,https://doi.org/10.1002/2014PA002621,Rae
55.9422,,,1083.477,884.731,1281.174,Gutjahr2017,DSDP401,47.4275,-8.8103,,https://doi.org/10.1038/nature23646,Rae
55.9465,,,1713.977,1398.248,2035.203,Harper2020,ODP1209,32.65166,158.50593,,https://doi.org/10.1029/2019PA003699,Rae
55.9488,,,1415.048,1142.807,1710.811,Gutjahr2017,DSDP401,47.4275,-8.8103,,https://doi.org/10.1038/nature23646,Rae
55.9523,,,1681.956,1374.265,1988.712,Penman2014,ODP1209,32.65166,158.50593,,https://doi.org/10.1002/2014PA002621,Rae
55.9523,,,1689.582,1366.315,2039.837,Penman2014,ODP1209,32.65166,158.50593,,https://doi.org/10.1002/2014PA002621,Rae
55.9554,,,988.146,806.351,1168.593,Gutjahr2017,DSDP401,47.4275,-8.8103,,https://doi.org/10.1038/nature23646,Rae
55.9591,,,1464.271,1148.033,1848.219,Penman2014,ODP1263,-28.53266,2.77941,,https://doi.org/10.1002/2014PA002621,Rae
55.9633,,,1484.425,1165.99,1865.847,Gutjahr2017,DSDP401,47.4275,-8.8103,,https://doi.org/10.1038/nature23646,Rae
55.9696,,,1284.386,1048.918,1522.444,Penman2014,ODP1209,32.65166,158.50593,,https://doi.org/10.1002/2014PA002621,Rae
55.9927,,,1633.983,1331.358,1944.187,Harper2020,ODP1209,32.65166,158.50593,,https://doi.org/10.1029/2019PA003699,Rae
55.9927,,,1441.335,1175.714,1710.837,Penman2014,ODP1209,32.65166,158.50593,,https://doi.org/10.1002/2014PA002621,Rae
55.9932,,,1790.406,1431.924,2196.461,Gutjahr2017,DSDP401,47.4275,-8.8103,,https://doi.org/10.1038/nature23646,Rae
55.9938,,,2624.97,2131.784,3156.675,Penman2014,ODP865,18.4404,-179.555,,https://doi.org/10.1002/2014PA002621,Rae
56.0036,,,1270.416,1035.101,1513.479,Gutjahr2017,DSDP401,47.4275,-8.8103,,https://doi.org/10.1038/nature23646,Rae
56.0042,,,1645.739,1345.161,1948.33,Penman2014,ODP1209,32.65166,158.50593,,https://doi.org/10.1002/2014PA002621,Rae
56.0042,,,1660.511,1351.9,1979.256,Penman2014,ODP1209,32.65166,158.50593,,https://doi.org/10.1002/2014PA002621,Rae
56.005,,,1477.761,1200.129,1766.585,Penman2014,ODP1209,32.65166,158.50593,,https://doi.org/10.1002/2014PA002621,Rae
56.0136,,,1431.934,1164.826,1710.337,Gutjahr2017,DSDP401,47.4275,-8.8103,,https://doi.org/10.1038/nature23646,Rae
56.0187,,,872.209,709.925,1038.633,Gutjahr2017,DSDP401,47.4275,-8.8103,,https://doi.org/10.1038/nature23646,Rae
56.021,,,997.275,814.055,1182.587,Penman2014,ODP1209,32.65166,158.50593,,https://doi.org/10.1002/2014PA002621,Rae
56.0217,,,958.472,779.907,1143.097,Penman2014,ODP1263,-28.53266,2.77941,,https://doi.org/10.1002/2014PA002621,Rae
56.025,,,872.988,710.311,1038.803,Penman2014,ODP1209,32.65166,158.50593,,https://doi.org/10.1002/2014PA002621,Rae
56.029,,,1208.393,986.394,1428.991,Harper2020,ODP1209,32.65166,158.50593,,https://doi.org/10.1029/2019PA003699,Rae
56.029,,,958.703,782.256,1133.892,Penman2014,ODP1209,32.65166,158.50593,,https://doi.org/10.1002/2014PA002621,Rae
56.031,,,873.039,709.454,1041.729,Penman2014,ODP1209,32.65166,158.50593,,https://doi.org/10.1002/2014PA002621,Rae
56.0318,,,864.265,688.913,1060.993,Gutjahr2017,DSDP401,47.4275,-8.8103,,https://doi.org/10.1038/nature23646,Rae
56.039,,,888.151,723.894,1053.58,Harper2020,ODP1209,32.65166,158.50593,,https://doi.org/10.1029/2019PA003699,Rae
56.039,,,885.048,722.151,1046.833,Penman2014,ODP1209,32.65166,158.50593,,https://doi.org/10.1002/2014PA002621,Rae
56.051,,,1060.612,864.066,1262.541,Gutjahr2017,DSDP401,47.4275,-8.8103,,https://doi.org/10.1038/nature23646,Rae
56.0728,,,924.228,752.371,1099.869,Gutjahr2017,DSDP401,47.4275,-8.8103,,https://doi.org/10.1038/nature23646,Rae
56.0899,,,867.428,706.459,1030.353,Gutjahr2017,DSDP401,47.4275,-8.8103,,https://doi.org/10.1038/nature23646,Rae
56.1362,,,953.363,775.784,1136.466,Gutjahr2017,DSDP401,47.4275,-8.8103,,https://doi.org/10.1038/nature23646,Rae
56.1524,,,1138.825,927.987,1354.887,Gutjahr2017,DSDP401,47.4275,-8.8103,,https://doi.org/10.1038/nature23646,Rae
56.162,,,834.15,680.377,986.522,Penman2014,ODP865,18.4404,-179.555,,https://doi.org/10.1002/2014PA002621,Rae
56.1638,,,863.19,703.745,1024.349,Gutjahr2017,DSDP401,47.4275,-8.8103,,https://doi.org/10.1038/nature23646,Rae
56.176,,,1061.231,865.834,1255.447,Harper2020,ODP1209,32.65166,158.50593,,https://doi.org/10.1029/2019PA003699,Rae
56.176,,,1002.529,818.445,1185.142,Penman2014,ODP1209,32.65166,158.50593,,https://doi.org/10.1002/2014PA002621,Rae
56.176,,,991.665,809.619,1172.876,Penman2014,ODP1209,32.65166,158.50593,,https://doi.org/10.1002/2014PA002621,Rae
56.2141,,,1021.433,831.751,1216.972,Gutjahr2017,DSDP401,47.4275,-8.8103,,https://doi.org/10.1038/nature23646,Rae
56.2466,,,878.693,714.791,1047.425,Gutjahr2017,DSDP401,47.4275,-8.8103,,https://doi.org/10.1038/nature23646,Rae
56.4489,,,703.154,568.595,845.716,Gutjahr2017,DSDP401,47.4275,-8.8103,,https://doi.org/10.1038/nature23646,Rae
65.6141,,,1101.761,892.808,1323.209,Henehan2019,ODP1209,32.65166,158.50593,,https://doi.org/10.1073/pnas.1905989116,Rae
65.9212,,,803.216,654.35,950.883,Henehan2019,ODP1209,32.65166,158.50593,,https://doi.org/10.1073/pnas.1905989116,Rae
65.957,,,928.625,757.031,1101.267,Henehan2019,ODP1209,32.65166,158.50593,,https://doi.org/10.1073/pnas.1905989116,Rae
65.9863,,,631.764,511.671,755.357,Henehan2019,ODP1209,32.65166,158.50593,,https://doi.org/10.1073/pnas.1905989116,Rae
65.9975,,,466.713,378.533,553.892,Henehan2019,ODP1209,32.65166,158.50593,,https://doi.org/10.1073/pnas.1905989116,Rae
66.02,,,1202.75,982.315,1425.188,Henehan2019,Brazos River,31.108,-96.837,,https://doi.org/10.1073/pnas.1905989116,Rae
66.039,,,1819.842,1488.405,2150.709,Henehan2019,Geulhemmerberg,50.865,5.784,,https://doi.org/10.1073/pnas.1905989116,Rae
66.039,,,1604.549,1310.664,1901.673,Henehan2019,Geulhemmerberg,50.865,5.784,,https://doi.org/10.1073/pnas.1905989116,Rae
66.039,,,1992.816,1601.211,2431.21,Henehan2019,Geulhemmerberg,50.865,5.784,,https://doi.org/10.1073/pnas.1905989116,Rae
66.0456,,,1002.067,817.706,1185.348,Henehan2019,Brazos River,31.108,-96.837,,https://doi.org/10.1073/pnas.1905989116,Rae
66.054,,,914.536,745.848,1082.223,Henehan2019,Brazos River,31.108,-96.837,,https://doi.org/10.1073/pnas.1905989116,Rae
66.094,,,915.998,746.863,1084.13,Henehan2019,Brazos River,31.108,-96.837,,https://doi.org/10.1073/pnas.1905989116,Rae
66.1323,,,748.561,609.957,885.507,Henehan2019,DSDP465,33.8205,178.919,,https://doi.org/10.1073/pnas.1905989116,Rae
66.1727,,,1383.694,1130.058,1636.68,Henehan2019,ODP1049,30.142,-76.112,,https://doi.org/10.1073/pnas.1905989116,Rae
66.32,,,974.474,795.331,1155.459,Henehan2019,Owl Creek,34.056,-88.924,,https://doi.org/10.1073/pnas.1905989116,Rae
66.82,,,1004.154,819.626,1187.112,Henehan2019,ODP1049,30.142,-76.112,,https://doi.org/10.1073/pnas.1905989116,Rae
66.82,,,1084.968,885.484,1283.18,Henehan2019,ODP1049,30.142,-76.112,,https://doi.org/10.1073/pnas.1905989116,Rae