Age,AgeLower,AgeUpper,CO2, CO2Low1s, CO2High1s,Source,Site,Latitude,Longitude,Notes,doi,DatabaseSource
0.02,,,192.694,143,263,Zhang2013/Gonzalez2022,ODP925,4.20426,-43.4891,,https://doi.org/10.1098/rsta.2013.0096,Rae
0.02000001,,,162.775,122,220,Zhang2013/Gonzalez2022,ODP925,4.20426,-43.4891,,https://doi.org/10.1098/rsta.2013.0096,Rae
0.028,,,206.301,155,305,Zhang2013/Gonzalez2022,ODP925,4.20426,-43.4891,,https://doi.org/10.1098/rsta.2013.0096,Rae
0.0335,,,181.463,136,253,Zhang2013/Gonzalez2022,ODP925,4.20426,-43.4891,,https://doi.org/10.1098/rsta.2013.0096,Rae
0.0412,,,181.939,133,256,Zhang2013/Gonzalez2022,ODP925,4.20426,-43.4891,,https://doi.org/10.1098/rsta.2013.0096,Rae
0.0583,,,240.604,181,367,Zhang2013/Gonzalez2022,ODP925,4.20426,-43.4891,,https://doi.org/10.1098/rsta.2013.0096,Rae
0.0736,,,237.879,169,357,Zhang2013/Gonzalez2022,ODP925,4.20426,-43.4891,,https://doi.org/10.1098/rsta.2013.0096,Rae
0.0893,,,229.535,168,342,Zhang2013/Gonzalez2022,ODP925,4.20426,-43.4891,,https://doi.org/10.1098/rsta.2013.0096,Rae
0.1054,,,241.974,180,377,Zhang2013/Gonzalez2022,ODP925,4.20426,-43.4891,,https://doi.org/10.1098/rsta.2013.0096,Rae
0.1132,,,238.546,183,355,Zhang2013/Gonzalez2022,ODP925,4.20426,-43.4891,,https://doi.org/10.1098/rsta.2013.0096,Rae
0.1336,,,179.627,133,257,Zhang2013/Gonzalez2022,ODP925,4.20426,-43.4891,,https://doi.org/10.1098/rsta.2013.0096,Rae
0.1465,,,191.311,142,280,Zhang2013/Gonzalez2022,ODP925,4.20426,-43.4891,,https://doi.org/10.1098/rsta.2013.0096,Rae
0.1562,,,236.068,168,361,Zhang2013/Gonzalez2022,ODP925,4.20426,-43.4891,,https://doi.org/10.1098/rsta.2013.0096,Rae
0.1666,,,196.071,147,284,Zhang2013/Gonzalez2022,ODP925,4.20426,-43.4891,,https://doi.org/10.1098/rsta.2013.0096,Rae
0.1999,,,190.444,136.427,285.276,Badger2019,ODP999,12.744,-78.7393,,https://doi.org/10.5194/cp-15-539-2019,Rae
0.2153,,,190,134,286,Pagani2010,ODP806,,,,https://doi.org/10.1038/NGEO724,Rae
0.2535,,,200.274,147.63,290.13,Badger2019,ODP999,12.744,-78.7393,,https://doi.org/10.5194/cp-15-539-2019,Rae
0.31,,,117.209,88,166,Zhang2013/Gonzalez2022,ODP925,4.20426,-43.4891,,https://doi.org/10.1098/rsta.2013.0096,Rae
0.431,,,144.424,113,198,Zhang2013/Gonzalez2022,ODP925,4.20426,-43.4891,,https://doi.org/10.1098/rsta.2013.0096,Rae
0.4488,,,246,169,395,Pagani2010,ODP806,,,,https://doi.org/10.1038/NGEO724,Rae
0.4563,,,163.009,121.228,244.971,Badger2019,ODP999,12.744,-78.7393,,https://doi.org/10.5194/cp-15-539-2019,Rae
0.5753,,,131.123,96,186,Zhang2013/Gonzalez2022,ODP925,4.20426,-43.4891,,https://doi.org/10.1098/rsta.2013.0096,Rae
0.6451,,,215,153,343,Pagani2010,ODP806,,,,https://doi.org/10.1038/NGEO724,Rae
0.7202,,,205,142,304,Pagani2010,ODP806,,,,https://doi.org/10.1038/NGEO724,Rae
0.7769,,,169,117,249,Pagani2010,ODP806,,,,https://doi.org/10.1038/NGEO724,Rae
0.8239,,,225,161,349,Pagani2010,ODP806,,,,https://doi.org/10.1038/NGEO724,Rae
0.8552,,,190,126,292,Pagani2010,ODP806,,,,https://doi.org/10.1038/NGEO724,Rae
0.9,,,160.977,116.046,224.347,Badger2019,ODP999,12.744,-78.7393,,https://doi.org/10.5194/cp-15-539-2019,Rae
0.9267,,,239,165,382,Pagani2010,ODP806,,,,https://doi.org/10.1038/NGEO724,Rae
0.9287,,,149.981,112,211,Zhang2013/Gonzalez2022,ODP925,4.20426,-43.4891,,https://doi.org/10.1098/rsta.2013.0096,Rae
0.9982,,,287,196,441,Pagani2010,ODP806,,,,https://doi.org/10.1038/NGEO724,Rae
1,,,225.498,164.331,351.938,Badger2019,ODP999,12.744,-78.7393,,https://doi.org/10.5194/cp-15-539-2019,Rae
1.046,,,203.626,155,307,Zhang2013/Gonzalez2022,ODP925,4.20426,-43.4891,,https://doi.org/10.1098/rsta.2013.0096,Rae
1.0518,,,215,150,341,Pagani2010,ODP806,,,,https://doi.org/10.1038/NGEO724,Rae
1.1234,,,189,132,279,Pagani2010,ODP806,,,,https://doi.org/10.1038/NGEO724,Rae
1.1792,,,271,183,436,Pagani2010,ODP806,,,,https://doi.org/10.1038/NGEO724,Rae
1.1904,,,243,169,373,Pagani2010,ODP806,,,,https://doi.org/10.1038/NGEO724,Rae
1.191,,,168.403,128,241,Zhang2013/Gonzalez2022,ODP925,4.20426,-43.4891,,https://doi.org/10.1098/rsta.2013.0096,Rae
1.2,,,212.24,153.299,326.925,Badger2019,ODP999,12.744,-78.7393,,https://doi.org/10.5194/cp-15-539-2019,Rae
1.206,,,185.88,138,267,Zhang2013/Gonzalez2022,ODP925,4.20426,-43.4891,,https://doi.org/10.1098/rsta.2013.0096,Rae
1.2188,,,196.794,146,280,Zhang2013/Gonzalez2022,ODP925,4.20426,-43.4891,,https://doi.org/10.1098/rsta.2013.0096,Rae
1.2195,,,316,208,481,Pagani2010,ODP806,,,,https://doi.org/10.1038/NGEO724,Rae
1.2322,,,131.449,103,180,Zhang2013/Gonzalez2022,ODP925,4.20426,-43.4891,,https://doi.org/10.1098/rsta.2013.0096,Rae
1.2342,,,282,189,460,Pagani2010,ODP806,,,,https://doi.org/10.1038/NGEO724,Rae
1.25,,,164.934,120,232,Zhang2013/Gonzalez2022,ODP925,4.20426,-43.4891,,https://doi.org/10.1098/rsta.2013.0096,Rae
1.2507,,,267,182,450,Pagani2010,ODP806,,,,https://doi.org/10.1038/NGEO724,Rae
1.2686,,,262,181,426,Pagani2010,ODP806,,,,https://doi.org/10.1038/NGEO724,Rae
1.272,,,141.462,104,209,Zhang2013/Gonzalez2022,ODP925,4.20426,-43.4891,,https://doi.org/10.1098/rsta.2013.0096,Rae
1.2846,,,212.165,159,321,Zhang2013/Gonzalez2022,ODP925,4.20426,-43.4891,,https://doi.org/10.1098/rsta.2013.0096,Rae
1.3,,,244.345,176.001,355.951,Badger2019,ODP999,12.744,-78.7393,,https://doi.org/10.5194/cp-15-539-2019,Rae
1.3178,,,254,175,406,Pagani2010,ODP806,,,,https://doi.org/10.1038/NGEO724,Rae
1.3512,,,155.315,120,224,Zhang2013/Gonzalez2022,ODP925,4.20426,-43.4891,,https://doi.org/10.1098/rsta.2013.0096,Rae
1.5,,,224.146,161.772,332.231,Badger2019,ODP999,12.744,-78.7393,,https://doi.org/10.5194/cp-15-539-2019,Rae
1.6407,,,170.705,133,242,Zhang2013/Gonzalez2022,ODP925,4.20426,-43.4891,,https://doi.org/10.1098/rsta.2013.0096,Rae
1.6553,,,243,165,395,Pagani2010,ODP806,,,,https://doi.org/10.1038/NGEO724,Rae
1.7295,,,160.868,122,226,Zhang2013/Gonzalez2022,ODP925,4.20426,-43.4891,,https://doi.org/10.1098/rsta.2013.0096,Rae
1.7493,,,237,165,368,Pagani2010,ODP806,,,,https://doi.org/10.1038/NGEO724,Rae
1.7519,,,191.879,144.916,281.969,Badger2019,ODP999,12.744,-78.7393,,https://doi.org/10.5194/cp-15-539-2019,Rae
1.8004,,,238,163,364,Pagani2010,ODP806,,,,https://doi.org/10.1038/NGEO724,Rae
1.8541,,,282,196,476,Pagani2010,ODP806,,,,https://doi.org/10.1038/NGEO724,Rae
1.9079,,,293,201,481,Pagani2010,ODP806,,,,https://doi.org/10.1038/NGEO724,Rae
1.965,,,216.259,158,312,Zhang2013/Gonzalez2022,ODP925,4.20426,-43.4891,,https://doi.org/10.1098/rsta.2013.0096,Rae
1.9927,,,300,206,498,Pagani2010,ODP806,,,,https://doi.org/10.1038/NGEO724,Rae
2.0926,,,213.958,159,306,Zhang2013/Gonzalez2022,ODP925,4.20426,-43.4891,,https://doi.org/10.1098/rsta.2013.0096,Rae
2.109,,,220.274,159.647,319.036,Badger2019,ODP999,12.744,-78.7393,,https://doi.org/10.5194/cp-15-539-2019,Rae
2.1915,,,244.417,177,365,Zhang2013/Gonzalez2022,ODP925,4.20426,-43.4891,,https://doi.org/10.1098/rsta.2013.0096,Rae
2.2269,,,304,209,480,Pagani2010,ODP806,,,,https://doi.org/10.1038/NGEO724,Rae
2.2798,,,246,164,398,Pagani2010,ODP806,,,,https://doi.org/10.1038/NGEO724,Rae
2.2968,,,262.065,192,395,Zhang2013/Gonzalez2022,ODP925,4.20426,-43.4891,,https://doi.org/10.1098/rsta.2013.0096,Rae
2.3092,,,200.777,149.227,298.477,Badger2019,ODP999,12.744,-78.7393,,https://doi.org/10.5194/cp-15-539-2019,Rae
2.3576,,,337,230,532,Pagani2010,ODP806,,,,https://doi.org/10.1038/NGEO724,Rae
2.402,,,230.051,169,343,Zhang2013/Gonzalez2022,ODP925,4.20426,-43.4891,,https://doi.org/10.1098/rsta.2013.0096,Rae
2.405,,,526,344,934,Pagani2010,ODP806,,,,https://doi.org/10.1038/NGEO724,Rae
2.458,,,387,252,648,Pagani2010,ODP806,,,,https://doi.org/10.1038/NGEO724,Rae
2.5016,,,446,299,770,Pagani2010,ODP806,,,,https://doi.org/10.1038/NGEO724,Rae
2.5236,,,308,215,533,Pagani2010,ODP806,,,,https://doi.org/10.1038/NGEO724,Rae
2.5322,,,430,286,731,Pagani2010,ODP806,,,,https://doi.org/10.1038/NGEO724,Rae
2.587,,,155.418,117,227,Zhang2013/Gonzalez2022,ODP925,4.20426,-43.4891,,https://doi.org/10.1098/rsta.2013.0096,Rae
2.592,,,245.641,176.413,364.717,Badger2019,ODP999,12.744,-78.7393,,https://doi.org/10.5194/cp-15-539-2019,Rae
2.6043,,,180.26,132,255,Zhang2013/Gonzalez2022,ODP925,4.20426,-43.4891,,https://doi.org/10.1098/rsta.2013.0096,Rae
2.6085,,,294,199,455,Pagani2010,ODP806,,,,https://doi.org/10.1038/NGEO724,Rae
2.705,,,296,208,518,Pagani2010,ODP806,,,,https://doi.org/10.1038/NGEO724,Rae
2.718,,,154.519,119,225,Zhang2013/Gonzalez2022,ODP925,4.20426,-43.4891,,https://doi.org/10.1098/rsta.2013.0096,Rae
2.785,,,212.754,158.629,306.494,Badger2019,ODP999,12.744,-78.7393,,https://doi.org/10.5194/cp-15-539-2019,Rae
2.805,,,446,281,753,Pagani2010,ODP806,,,,https://doi.org/10.1038/NGEO724,Rae
2.81,,,259.843,183.769,399.722,Badger2019,ODP999,12.744,-78.7393,,https://doi.org/10.5194/cp-15-539-2019,Rae
2.8217,,,251.508,183.921,362.591,Badger2019,ODP999,12.744,-78.7393,,https://doi.org/10.5194/cp-15-539-2019,Rae
2.8515,,,234.932,173.235,361.694,Badger2019,ODP999,12.744,-78.7393,,https://doi.org/10.5194/cp-15-539-2019,Rae
2.8616,,,170.258,124.622,251.856,Badger2019,ODP999,12.744,-78.7393,,https://doi.org/10.5194/cp-15-539-2019,Rae
2.89,,,262.849,191.55,433.173,Badger2019,ODP999,12.744,-78.7393,,https://doi.org/10.5194/cp-15-539-2019,Rae
2.8984,,,403,277,676,Pagani2010,ODP806,,,,https://doi.org/10.1038/NGEO724,Rae
2.9016,,,197.982,145.134,281.532,Badger2019,ODP999,12.744,-78.7393,,https://doi.org/10.5194/cp-15-539-2019,Rae
2.9174,,,175.558,128.982,252.043,Badger2019,ODP999,12.744,-78.7393,,https://doi.org/10.5194/cp-15-539-2019,Rae
2.9267,,,326.762,223.814,491.183,Badger2019,ODP999,12.744,-78.7393,,https://doi.org/10.5194/cp-15-539-2019,Rae
2.936,,,342.085,242.07,545.432,Badger2019,ODP999,12.744,-78.7393,,https://doi.org/10.5194/cp-15-539-2019,Rae
2.94,,,243.572,180,371,Zhang2013/Gonzalez2022,ODP925,4.20426,-43.4891,,https://doi.org/10.1098/rsta.2013.0096,Rae
2.9436,,,130.401,100.762,178.508,Badger2019,ODP999,12.744,-78.7393,,https://doi.org/10.5194/cp-15-539-2019,Rae
2.9807,,,120.082,91.733,161.233,Badger2019,ODP999,12.744,-78.7393,,https://doi.org/10.5194/cp-15-539-2019,Rae
2.985,,,271.295,193.328,425.007,Badger2019,ODP999,12.744,-78.7393,,https://doi.org/10.5194/cp-15-539-2019,Rae
2.9979,,,456,301,759,Pagani2010,ODP806,,,,https://doi.org/10.1038/NGEO724,Rae
3.0022,,,152.898,113.273,218.303,Badger2019,ODP999,12.744,-78.7393,,https://doi.org/10.5194/cp-15-539-2019,Rae
3.0162,,,137.902,107.925,184.472,Badger2019,ODP999,12.744,-78.7393,,https://doi.org/10.5194/cp-15-539-2019,Rae
3.0341,,,208.041,154.62,306.52,Badger2019,ODP999,12.744,-78.7393,,https://doi.org/10.5194/cp-15-539-2019,Rae
3.067,,,250.983,185.161,390.413,Badger2019,ODP999,12.744,-78.7393,,https://doi.org/10.5194/cp-15-539-2019,Rae
3.0691,,,116.113,88.45,165.13,Badger2019,ODP999,12.744,-78.7393,,https://doi.org/10.5194/cp-15-539-2019,Rae
3.0713,,,323,229,555,Pagani2010,ODP806,,,,https://doi.org/10.1038/NGEO724,Rae
3.082,,,181.768,136,253,Zhang2013/Gonzalez2022,ODP925,4.20426,-43.4891,,https://doi.org/10.1098/rsta.2013.0096,Rae
3.0872,,,165.261,121.629,226.16,Badger2019,ODP999,12.744,-78.7393,,https://doi.org/10.5194/cp-15-539-2019,Rae
3.1173,,,291.871,202.276,449.081,Badger2019,ODP999,12.744,-78.7393,,https://doi.org/10.5194/cp-15-539-2019,Rae
3.1313,,,234.653,172,332,Zhang2013/Gonzalez2022,ODP925,4.20426,-43.4891,,https://doi.org/10.1098/rsta.2013.0096,Rae
3.1714,,,221,158,332,Pagani2010,ODP806,,,,https://doi.org/10.1038/NGEO724,Rae
3.172,,,266.436,187.895,440.41,Badger2019,ODP999,12.744,-78.7393,,https://doi.org/10.5194/cp-15-539-2019,Rae
3.229,,,375.248,251.038,592.881,Badger2019,ODP999,12.744,-78.7393,,https://doi.org/10.5194/cp-15-539-2019,Rae
3.2454,,,262,188,407,Pagani2010,ODP806,,,,https://doi.org/10.1038/NGEO724,Rae
3.321,,,199.329,148,308,Zhang2013/Gonzalez2022,ODP925,4.20426,-43.4891,,https://doi.org/10.1098/rsta.2013.0096,Rae
3.364,,,245.591,181,368,Zhang2013/Gonzalez2022,ODP925,4.20426,-43.4891,,https://doi.org/10.1098/rsta.2013.0096,Rae
3.4548,,,392,264,692,Pagani2010,ODP806,,,,https://doi.org/10.1038/NGEO724,Rae
3.457,,,465.959,303,876,Zhang2013/Gonzalez2022,ODP925,4.20426,-43.4891,,https://doi.org/10.1098/rsta.2013.0096,Rae
3.51,,,268.077,194,441,Zhang2013/Gonzalez2022,ODP925,4.20426,-43.4891,,https://doi.org/10.1098/rsta.2013.0096,Rae
3.522,,,273.097,198,410,Zhang2013/Gonzalez2022,ODP925,4.20426,-43.4891,,https://doi.org/10.1098/rsta.2013.0096,Rae
3.5408,,,240,167,396,Pagani2010,ODP806,,,,https://doi.org/10.1038/NGEO724,Rae
3.6249,,,343.833,246.086,557.859,Badger2019,ODP999,12.744,-78.7393,,https://doi.org/10.5194/cp-15-539-2019,Rae
3.673,,,206.175,154,279,Zhang2013/Gonzalez2022,ODP925,4.20426,-43.4891,,https://doi.org/10.1098/rsta.2013.0096,Rae
3.7466,,,391,259,639,Pagani2010,ODP806,,,,https://doi.org/10.1038/NGEO724,Rae
3.8462,,,230.33,165.48,353.585,Badger2019,ODP999,12.744,-78.7393,,https://doi.org/10.5194/cp-15-539-2019,Rae
3.8485,,,228.681,168,333,Zhang2013/Gonzalez2022,ODP925,4.20426,-43.4891,,https://doi.org/10.1098/rsta.2013.0096,Rae
3.9335,,,259.928,187.301,422.587,Badger2019,ODP999,12.744,-78.7393,,https://doi.org/10.5194/cp-15-539-2019,Rae
3.9478,,,460,300,782,Pagani2010,ODP806,,,,https://doi.org/10.1038/NGEO724,Rae
3.9855,,,274.562,199,434,Zhang2013/Gonzalez2022,ODP925,4.20426,-43.4891,,https://doi.org/10.1098/rsta.2013.0096,Rae
4.0089,,,417.048,275.183,702.82,Badger2019,ODP999,12.744,-78.7393,,https://doi.org/10.5194/cp-15-539-2019,Rae
4.028,,,359.835,256.402,584.76,Badger2019,ODP999,12.744,-78.7393,,https://doi.org/10.5194/cp-15-539-2019,Rae
4.1054,,,324,223,548,Pagani2010,ODP806,,,,https://doi.org/10.1038/NGEO724,Rae
4.1062,,,388.941,268,592,Zhang2013/Gonzalez2022,ODP925,4.20426,-43.4891,,https://doi.org/10.1098/rsta.2013.0096,Rae
4.1135,,,395.044,271.173,598.174,Badger2019,ODP999,12.744,-78.7393,,https://doi.org/10.5194/cp-15-539-2019,Rae
4.2554,,,262,176,412,Pagani2010,ODP806,,,,https://doi.org/10.1038/NGEO724,Rae
4.342,,,341.071,231.787,533.255,Badger2019,ODP999,12.744,-78.7393,,https://doi.org/10.5194/cp-15-539-2019,Rae
4.4336,,,361.934,253.32,564.012,Badger2019,ODP999,12.744,-78.7393,,https://doi.org/10.5194/cp-15-539-2019,Rae
4.437,,,398,264,660,Pagani2010,ODP806,,,,https://doi.org/10.1038/NGEO724,Rae
4.4475,,,320.767,224,502,Zhang2013/Gonzalez2022,ODP925,4.20426,-43.4891,,https://doi.org/10.1098/rsta.2013.0096,Rae
4.5774,,,237.113,169.406,347.801,Badger2019,ODP999,12.744,-78.7393,,https://doi.org/10.5194/cp-15-539-2019,Rae
4.5926,,,361,245,631,Pagani2010,ODP806,,,,https://doi.org/10.1038/NGEO724,Rae
4.7529,,,498,330,889,Pagani2010,ODP806,,,,https://doi.org/10.1038/NGEO724,Rae
4.7762,,,401.201,270,676,Zhang2013/Gonzalez2022,ODP925,4.20426,-43.4891,,https://doi.org/10.1098/rsta.2013.0096,Rae
4.781,,,258.365,187.773,432.657,Badger2019,ODP999,12.744,-78.7393,,https://doi.org/10.5194/cp-15-539-2019,Rae
4.862,,,280.616,201.961,424.459,Badger2019,ODP999,12.744,-78.7393,,https://doi.org/10.5194/cp-15-539-2019,Rae
4.9432,,,250.169,180.249,391.367,Badger2019,ODP999,12.744,-78.7393,,https://doi.org/10.5194/cp-15-539-2019,Rae
5.0026,,,543.898,357.548,845.245,Badger2019,ODP999,12.744,-78.7393,,https://doi.org/10.5194/cp-15-539-2019,Rae
5.042,,,262.544,191.432,399.993,Badger2019,ODP999,12.744,-78.7393,,https://doi.org/10.5194/cp-15-539-2019,Rae
5.191,,,214.806,153.156,316.643,Badger2019,ODP999,12.744,-78.7393,,https://doi.org/10.5194/cp-15-539-2019,Rae
5.2937,,,397,260,686,Pagani2010,ODP806,,,,https://doi.org/10.1038/NGEO724,Rae
5.5115,,,160,114,236,Pagani2010,ODP806,,,,https://doi.org/10.1038/NGEO724,Rae
5.5768,,,371,246,586,Pagani2010,ODP806,,,,https://doi.org/10.1038/NGEO724,Rae
5.6935,,,219,148,344,Pagani2010,ODP806,,,,https://doi.org/10.1038/NGEO724,Rae
5.8703,,,335,226,572,Pagani2010,ODP806,,,,https://doi.org/10.1038/NGEO724,Rae
6.0035,,,709.905,440.474,1186.149,Badger2019,ODP999,12.744,-78.7393,,https://doi.org/10.5194/cp-15-539-2019,Rae
6.0598,,,234,172,372,Pagani2010,ODP806,,,,https://doi.org/10.1038/NGEO724,Rae
6.224,,,467,306,733,Pagani2010,ODP806,,,,https://doi.org/10.1038/NGEO724,Rae
6.4135,,,416,276,711,Pagani2010,ODP806,,,,https://doi.org/10.1038/NGEO724,Rae
6.5777,,,119,90,177,Pagani2010,ODP806,,,,https://doi.org/10.1038/NGEO724,Rae
6.7545,,,430,286,773,Pagani2010,ODP806,,,,https://doi.org/10.1038/NGEO724,Rae
6.9264,,,387,251,674,Pagani2010,ODP806,,,,https://doi.org/10.1038/NGEO724,Rae
7.0013,,,260.522,194.855,412.718,Badger2019,ODP999,12.744,-78.7393,,https://doi.org/10.5194/cp-15-539-2019,Rae
7.0619,,,290,194,476,Pagani2010,ODP806,,,,https://doi.org/10.1038/NGEO724,Rae
7.15,,,266.571,190,423,Zhang2013/Gonzalez2022,ODP925,4.20426,-43.4891,,https://doi.org/10.1098/rsta.2013.0096,Rae
7.2072,,,212,155,322,Pagani2010,ODP806,,,,https://doi.org/10.1038/NGEO724,Rae
7.3331,,,233,169,365,Pagani2010,ODP806,,,,https://doi.org/10.1038/NGEO724,Rae
7.4299,,,190,141,294,Pagani2010,ODP806,,,,https://doi.org/10.1038/NGEO724,Rae
7.4784,,,229,166,350,Pagani2010,ODP806,,,,https://doi.org/10.1038/NGEO724,Rae
7.6043,,,357,245,582,Pagani2010,ODP806,,,,https://doi.org/10.1038/NGEO724,Rae
7.7398,,,304,208,512,Pagani2010,ODP806,,,,https://doi.org/10.1038/NGEO724,Rae
7.8851,,,474,309,784,Pagani2010,ODP806,,,,https://doi.org/10.1038/NGEO724,Rae
8.0004,,,183.551,138.713,273.313,Badger2019,ODP999,12.744,-78.7393,,https://doi.org/10.5194/cp-15-539-2019,Rae
8.2822,,,366,250,615,Pagani2010,ODP806,,,,https://doi.org/10.1038/NGEO724,Rae
9.2366,,,422,285,687,Pagani2010,ODP806,,,,https://doi.org/10.1038/NGEO724,Rae
9.3081,,,306.137,229.259,488.995,Badger2019,ODP999,12.744,-78.7393,,https://doi.org/10.5194/cp-15-539-2019,Rae
9.419,,,393,267,644,Pagani2010,ODP806,,,,https://doi.org/10.1038/NGEO724,Rae
10.3301,,,371.197,257.251,566.718,Badger2019,ODP999,12.744,-78.7393,,https://doi.org/10.5194/cp-15-539-2019,Rae
11.2005,,,459.755,301.179,768.871,Badger2019,ODP999,12.744,-78.7393,,https://doi.org/10.5194/cp-15-539-2019,Rae
12.4635,,,386.919,260.42,620.264,Badger2019,ODP999,12.744,-78.7393,,https://doi.org/10.5194/cp-15-539-2019,Rae
13.1007,,,766.646,503.223,1374.758,Badger2019,ODP999,12.744,-78.7393,,https://doi.org/10.5194/cp-15-539-2019,Rae
14.1,,,641.637,377,1172,Zhang2013/Gonzalez2022,ODP925,4.20426,-43.4891,,https://doi.org/10.1098/rsta.2013.0096,Rae
14.3584,,,1137.492,710.715,2068.244,Badger2019,ODP999,12.744,-78.7393,,https://doi.org/10.5194/cp-15-539-2019,Rae
14.74,,,493.052,335,825,Zhang2013/Gonzalez2022,ODP925,4.20426,-43.4891,,https://doi.org/10.1098/rsta.2013.0096,Rae
15.7562,,,321.492,222.624,491.421,Badger2019,ODP999,12.744,-78.7393,,https://doi.org/10.5194/cp-15-539-2019,Rae
15.84,,,489.525,328,848,Zhang2013/Gonzalez2022,ODP925,4.20426,-43.4891,,https://doi.org/10.1098/rsta.2013.0096,Rae
16.82,,,532.89,367,885,Zhang2013/Gonzalez2022,ODP925,4.20426,-43.4891,,https://doi.org/10.1098/rsta.2013.0096,Rae
18.26,,,310.948,223,491,Zhang2013/Gonzalez2022,ODP925,4.20426,-43.4891,,https://doi.org/10.1098/rsta.2013.0096,Rae
20.3,,,814.768,519,1524,Zhang2013/Gonzalez2022,ODP925,4.20426,-43.4891,,https://doi.org/10.1098/rsta.2013.0096,Rae
22.94,,,536.404,372,931,Zhang2013/Gonzalez2022,ODP925,4.20426,-43.4891,,https://doi.org/10.1098/rsta.2013.0096,Rae
23.48,,,562.701,386,1049,Zhang2013/Gonzalez2022,ODP925,4.20426,-43.4891,,https://doi.org/10.1098/rsta.2013.0096,Rae
24.4044,,,467,388,588,Pagani2011,ODP516,,,,https://doi.org/10.1126/science.1203909,Rae
24.7174,,,694,578,866,Pagani2011,ODP516,,,,https://doi.org/10.1126/science.1203909,Rae
25.8778,,,416,346,517,Pagani2011,ODP516,,,,https://doi.org/10.1126/science.1203909,Rae
28.1161,,,356,305,441,Pagani2011,ODP516,,,,https://doi.org/10.1126/science.1203909,Rae
28.5637,,,516,435,620,Pagani2011,ODP516,,,,https://doi.org/10.1126/science.1203909,Rae
30.0985,,,474,385,563,Pagani2011,ODP516,,,,https://doi.org/10.1126/science.1203909,Rae
30.7127,,,549,452,666,Pagani2011,ODP516,,,,https://doi.org/10.1126/science.1203909,Rae
30.71912193,,,584,507,676,Pagani2011,ODP925,4.20426,-43.4891,,https://doi.org/10.1126/science.1203909,Rae
32.3208,,,725,571,923,Pagani2011,ODP516,,,,https://doi.org/10.1126/science.1203909,Rae
32.52045441,,,513,445,598,Pagani2011,ODP925,4.20426,-43.4891,,https://doi.org/10.1126/science.1203909,Rae
32.60533905,,,502,438,579,Pagani2011,ODP925,4.20426,-43.4891,,https://doi.org/10.1126/science.1203909,Rae
32.81975771,,,437,367,515,Pagani2011,ODP929,,,,https://doi.org/10.1126/science.1203909,Rae
33.17294946,,,474,375,598,Pagani2011,ODP511,,,,https://doi.org/10.1126/science.1203909,Rae
33.25617841,,,336,293,385,Pagani2011,ODP929,,,,https://doi.org/10.1126/science.1203909,Rae
33.25726013,,,746,578,955,Pagani2011,ODP277,,,,https://doi.org/10.1126/science.1203909,Rae
33.32868958,,,542,467,627,Pagani2011,ODP925,4.20426,-43.4891,,https://doi.org/10.1126/science.1203909,Rae
33.47661806,,,610,482,767,Pagani2011,ODP511,,,,https://doi.org/10.1126/science.1203909,Rae
33.6133604,,,426,338,532,Pagani2011,ODP511,,,,https://doi.org/10.1126/science.1203909,Rae
33.65062775,,,422,356,500,Pagani2011,ODP929,,,,https://doi.org/10.1126/science.1203909,Rae
33.76832962,,,469,391,564,Pagani2011,ODP925,4.20426,-43.4891,,https://doi.org/10.1126/science.1203909,Rae
34.09877201,,,1123,841,1499,Pagani2011,ODP277,,,,https://doi.org/10.1126/science.1203909,Rae
34.1240367,,,464,380,563,Pagani2011,ODP929,,,,https://doi.org/10.1126/science.1203909,Rae
34.13917923,,,710,588,855,Pagani2011,ODP925,4.20426,-43.4891,,https://doi.org/10.1126/science.1203909,Rae
34.94416637,,,797,657,963,Pagani2011,ODP929,,,,https://doi.org/10.1126/science.1203909,Rae
35.0187,,,599,450,763,Pagani2011,ODP612,,,,https://doi.org/10.1126/science.1203909,Rae
35.2336,,,535,422,657,Pagani2011,ODP612,,,,https://doi.org/10.1126/science.1203909,Rae
35.36242953,,,835,667,1046,Pagani2011,ODP511,,,,https://doi.org/10.1126/science.1203909,Rae
35.44880295,,,634,512,768,Pagani2011,ODP925,4.20426,-43.4891,,https://doi.org/10.1126/science.1203909,Rae
35.55796183,,,698,562,860,Pagani2011,ODP929,,,,https://doi.org/10.1126/science.1203909,Rae
35.6017,,,532,416,662,Pagani2011,ODP612,,,,https://doi.org/10.1126/science.1203909,Rae
35.71835484,,,545,425,679,Pagani2011,ODP277,,,,https://doi.org/10.1126/science.1203909,Rae
35.88629913,,,1268,1001,1609,Pagani2011,ODP925,4.20426,-43.4891,,https://doi.org/10.1126/science.1203909,Rae
35.9073,,,392,311,475,Pagani2011,ODP612,,,,https://doi.org/10.1126/science.1203909,Rae
36.1142,,,504,407,620,Pagani2011,ODP612,,,,https://doi.org/10.1126/science.1203909,Rae
36.16866684,,,588,488,694,Pagani2011,ODP925,4.20426,-43.4891,,https://doi.org/10.1126/science.1203909,Rae
36.6584,,,555,442,676,Pagani2011,ODP612,,,,https://doi.org/10.1126/science.1203909,Rae
36.9646,,,556,451,672,Pagani2011,ODP612,,,,https://doi.org/10.1126/science.1203909,Rae
37.25021372,,,560,429,711,Pagani2011,ODP511,,,,https://doi.org/10.1126/science.1203909,Rae
39.8712,,,666,562,785,Pagani2011,ODP612,,,,https://doi.org/10.1126/science.1203909,Rae
42.3477,,,1398,1125,1778,Pagani2011,ODP612,,,,https://doi.org/10.1126/science.1203909,Rae
45.1282,,,748,625,894,Pagani2011,ODP612,,,,https://doi.org/10.1126/science.1203909,Rae
0.82,,,229,209,249,Mejia2017,ODP846,-3.095,-90.81833,diatom-based,https://doi.org/10.1016/j.epsl.2017.08.034,Tierney
3.99,,,198,192,216,Mejia2017,ODP846,-3.095,-90.81833,diatom-based,https://doi.org/10.1016/j.epsl.2017.08.034,Tierney
4.297,,,178,111,311,Tanner2020,ODP1088,-41.13606,13.56283,,https://doi.org/10.1029/2020PA003925,Tierney
4.624,,,301,163,569,Tanner2020,ODP1088,-41.13606,13.56283,,https://doi.org/10.1029/2020PA003925,Tierney
5.009,,,358,191,704,Tanner2020,ODP1088,-41.13606,13.56283,,https://doi.org/10.1029/2020PA003925,Tierney
5.264,,,389,209,764,Tanner2020,ODP1088,-41.13606,13.56283,,https://doi.org/10.1029/2020PA003925,Tierney
5.549,,,494,272,994,Tanner2020,ODP1088,-41.13606,13.56283,,https://doi.org/10.1029/2020PA003925,Tierney
5.663,,,583,311,1171,Tanner2020,ODP1088,-41.13606,13.56283,,https://doi.org/10.1029/2020PA003925,Tierney
5.789,,,200,120,348,Tanner2020,ODP1088,-41.13606,13.56283,,https://doi.org/10.1029/2020PA003925,Tierney
5.799,,,246,146,445,Tanner2020,ODP1088,-41.13606,13.56283,,https://doi.org/10.1029/2020PA003925,Tierney
5.81,,,303,279,312,Mejia2017,ODP846,-3.095,-90.81833,diatom-based,https://doi.org/10.1016/j.epsl.2017.08.034,Tierney
5.823,,,236,142,416,Tanner2020,ODP1088,-41.13606,13.56283,,https://doi.org/10.1029/2020PA003925,Tierney
6.022,,,328,191,617,Tanner2020,ODP1088,-41.13606,13.56283,,https://doi.org/10.1029/2020PA003925,Tierney
6.106,,,360,202,696,Tanner2020,ODP1088,-41.13606,13.56283,,https://doi.org/10.1029/2020PA003925,Tierney
6.154,,,266,152,503,Tanner2020,ODP1088,-41.13606,13.56283,,https://doi.org/10.1029/2020PA003925,Tierney
6.215,,,303,177,571,Tanner2020,ODP1088,-41.13606,13.56283,,https://doi.org/10.1029/2020PA003925,Tierney
6.261,,,397,221,767,Tanner2020,ODP1088,-41.13606,13.56283,,https://doi.org/10.1029/2020PA003925,Tierney
6.282,,,404,225,796,Tanner2020,ODP1088,-41.13606,13.56283,,https://doi.org/10.1029/2020PA003925,Tierney
6.305,,,421,237,817,Tanner2020,ODP1088,-41.13606,13.56283,,https://doi.org/10.1029/2020PA003925,Tierney
6.361,,,426,240,835,Tanner2020,ODP1088,-41.13606,13.56283,,https://doi.org/10.1029/2020PA003925,Tierney
6.406,,,340,191,649,Tanner2020,ODP1088,-41.13606,13.56283,,https://doi.org/10.1029/2020PA003925,Tierney
6.453,,,368,200,719,Tanner2020,ODP1088,-41.13606,13.56283,,https://doi.org/10.1029/2020PA003925,Tierney
6.507,,,287,159,543,Tanner2020,ODP1088,-41.13606,13.56283,,https://doi.org/10.1029/2020PA003925,Tierney
6.529,,,359,193,719,Tanner2020,ODP1088,-41.13606,13.56283,,https://doi.org/10.1029/2020PA003925,Tierney
6.587,,,390,216,770,Tanner2020,ODP1088,-41.13606,13.56283,,https://doi.org/10.1029/2020PA003925,Tierney
6.677,,,426,226,860,Tanner2020,ODP1088,-41.13606,13.56283,,https://doi.org/10.1029/2020PA003925,Tierney
6.707,,,554,301,1096,Tanner2020,ODP1088,-41.13606,13.56283,,https://doi.org/10.1029/2020PA003925,Tierney
6.78,,,575,309,1153,Tanner2020,ODP1088,-41.13606,13.56283,,https://doi.org/10.1029/2020PA003925,Tierney
6.843,,,560,300,1150,Tanner2020,ODP1088,-41.13606,13.56283,,https://doi.org/10.1029/2020PA003925,Tierney
6.888,,,391,202,788,Tanner2020,ODP1088,-41.13606,13.56283,,https://doi.org/10.1029/2020PA003925,Tierney
6.959,,,538,287,1109,Tanner2020,ODP1088,-41.13606,13.56283,,https://doi.org/10.1029/2020PA003925,Tierney
7.049,,,554,294,1180,Tanner2020,ODP1088,-41.13606,13.56283,,https://doi.org/10.1029/2020PA003925,Tierney
7.326,,,668,356,1384,Tanner2020,ODP1088,-41.13606,13.56283,,https://doi.org/10.1029/2020PA003925,Tierney
7.609,,,806,413,1784,Tanner2020,ODP1088,-41.13606,13.56283,,https://doi.org/10.1029/2020PA003925,Tierney
7.66,,,564,424,689,Mejia2017,ODP846,-3.095,-90.81833,diatom-based,https://doi.org/10.1016/j.epsl.2017.08.034,Tierney
8.196,,,1315,634,3119,Tanner2020,ODP1088,-41.13606,13.56283,,https://doi.org/10.1029/2020PA003925,Tierney
8.86,,,807,512,1081,Mejia2017,ODP846,-3.095,-90.81833,diatom-based,https://doi.org/10.1016/j.epsl.2017.08.034,Tierney
8.924,,,302,263,345,Super2018,ODP608,42.8367,-23.0875,,https://doi.org/10.1130/G40228.1,Tierney
9.205,,,277,242,314,Super2018,ODP608,42.8367,-23.0875,,https://doi.org/10.1130/G40228.1,Tierney
9.293,,,270,233,306,Super2018,ODP608,42.8367,-23.0875,,https://doi.org/10.1130/G40228.1,Tierney
9.37,,,276,241,314,Super2018,ODP608,42.8367,-23.0875,,https://doi.org/10.1130/G40228.1,Tierney
9.421,,,240,208,272,Super2018,ODP608,42.8367,-23.0875,,https://doi.org/10.1130/G40228.1,Tierney
9.718,,,353,310,405,Super2018,ODP608,42.8367,-23.0875,,https://doi.org/10.1130/G40228.1,Tierney
9.836,,,294,259,335,Super2018,ODP608,42.8367,-23.0875,,https://doi.org/10.1130/G40228.1,Tierney
9.865,,,217,190,245,Super2018,ODP608,42.8367,-23.0875,,https://doi.org/10.1130/G40228.1,Tierney
9.941,,,250,216,283,Super2018,ODP608,42.8367,-23.0875,,https://doi.org/10.1130/G40228.1,Tierney
10.02,,,255,224,289,Super2018,ODP608,42.8367,-23.0875,,https://doi.org/10.1130/G40228.1,Tierney
10.114,,,316,271,362,Super2018,ODP608,42.8367,-23.0875,,https://doi.org/10.1130/G40228.1,Tierney
10.177,,,283,250,321,Super2018,ODP608,42.8367,-23.0875,,https://doi.org/10.1130/G40228.1,Tierney
10.241,,,291,256,331,Super2018,ODP608,42.8367,-23.0875,,https://doi.org/10.1130/G40228.1,Tierney
10.302,,,288,253,327,Super2018,ODP608,42.8367,-23.0875,,https://doi.org/10.1130/G40228.1,Tierney
10.364,,,240,210,272,Super2018,ODP608,42.8367,-23.0875,,https://doi.org/10.1130/G40228.1,Tierney
10.426,,,221,193,250,Super2018,ODP608,42.8367,-23.0875,,https://doi.org/10.1130/G40228.1,Tierney
10.478,,,345,300,394,Super2018,ODP608,42.8367,-23.0875,,https://doi.org/10.1130/G40228.1,Tierney
10.523,,,247,218,279,Super2018,ODP608,42.8367,-23.0875,,https://doi.org/10.1130/G40228.1,Tierney
10.706,,,295,261,335,Super2018,ODP608,42.8367,-23.0875,,https://doi.org/10.1130/G40228.1,Tierney
10.835,,,236,208,268,Super2018,ODP608,42.8367,-23.0875,,https://doi.org/10.1130/G40228.1,Tierney
10.85,,,807,513,1082,Mejia2017,ODP846,-3.095,-90.81833,diatom-based,https://doi.org/10.1016/j.epsl.2017.08.034,Tierney
11.189,,,233,200,265,Super2018,ODP608,42.8367,-23.0875,,https://doi.org/10.1130/G40228.1,Tierney
11.518,,,287,252,326,Super2018,ODP608,42.8367,-23.0875,,https://doi.org/10.1130/G40228.1,Tierney
11.579,,,268,236,304,Super2018,ODP608,42.8367,-23.0875,,https://doi.org/10.1130/G40228.1,Tierney
11.733,,,280,244,319,Super2018,ODP608,42.8367,-23.0875,,https://doi.org/10.1130/G40228.1,Tierney
11.965,,,275,241,312,Super2018,ODP608,42.8367,-23.0875,,https://doi.org/10.1130/G40228.1,Tierney
12.037,,,314,275,358,Super2018,ODP608,42.8367,-23.0875,,https://doi.org/10.1130/G40228.1,Tierney
12.108,,,266,235,301,Super2018,ODP608,42.8367,-23.0875,,https://doi.org/10.1130/G40228.1,Tierney
12.185,,,285,251,323,Super2018,ODP608,42.8367,-23.0875,,https://doi.org/10.1130/G40228.1,Tierney
12.238,,,311,273,355,Super2018,ODP608,42.8367,-23.0875,,https://doi.org/10.1130/G40228.1,Tierney
12.28,,,307,272,350,Super2018,ODP608,42.8367,-23.0875,,https://doi.org/10.1130/G40228.1,Tierney
12.468,,,330,288,376,Super2018,ODP608,42.8367,-23.0875,,https://doi.org/10.1130/G40228.1,Tierney
12.518,,,259,228,294,Super2018,ODP608,42.8367,-23.0875,,https://doi.org/10.1130/G40228.1,Tierney
12.588,,,286,252,325,Super2018,ODP608,42.8367,-23.0875,,https://doi.org/10.1130/G40228.1,Tierney
12.639,,,284,249,321,Super2018,ODP608,42.8367,-23.0875,,https://doi.org/10.1130/G40228.1,Tierney
12.691,,,262,228,299,Super2018,ODP608,42.8367,-23.0875,,https://doi.org/10.1130/G40228.1,Tierney
12.777,,,291,253,331,Super2018,ODP608,42.8367,-23.0875,,https://doi.org/10.1130/G40228.1,Tierney
12.81,,,283,261,305.5,Badger2013,Ras il‐Pellegrin,35.9155,14.33433333,,https://doi.org/10.1002/palo.20015,Tierney
12.85,,,275,240,311,Super2018,ODP608,42.8367,-23.0875,,https://doi.org/10.1130/G40228.1,Tierney
12.89,,,270,130,299,Mejia2017,ODP846,-3.095,-90.81833,diatom-based,https://doi.org/10.1016/j.epsl.2017.08.034,Tierney
12.927,,,265,229,301,Super2018,ODP608,42.8367,-23.0875,,https://doi.org/10.1130/G40228.1,Tierney
12.983,,,237,204,271,Super2018,ODP608,42.8367,-23.0875,,https://doi.org/10.1130/G40228.1,Tierney
13.099,,,297,260,338,Super2018,ODP608,42.8367,-23.0875,,https://doi.org/10.1130/G40228.1,Tierney
13.274,,,283,244,324,Super2018,ODP608,42.8367,-23.0875,,https://doi.org/10.1130/G40228.1,Tierney
13.326,,,225,189,258,Super2018,ODP608,42.8367,-23.0875,,https://doi.org/10.1130/G40228.1,Tierney
13.393,,,297,253,341,Super2018,ODP608,42.8367,-23.0875,,https://doi.org/10.1130/G40228.1,Tierney
13.443,,,257,219,294,Super2018,ODP608,42.8367,-23.0875,,https://doi.org/10.1130/G40228.1,Tierney
13.494,,,303,267,344,Super2018,ODP608,42.8367,-23.0875,,https://doi.org/10.1130/G40228.1,Tierney
13.592,,,317,276,360,Super2018,ODP608,42.8367,-23.0875,,https://doi.org/10.1130/G40228.1,Tierney
13.6018,,,270.947,250.4735,291.4735,Badger2013,Ras il‐Pellegrin,35.9155,14.33433333,,https://doi.org/10.1002/palo.20015,Tierney
13.6436,,,303.111,279.5555,327.0555,Badger2013,Ras il‐Pellegrin,35.9155,14.33433333,,https://doi.org/10.1002/palo.20015,Tierney
13.6506,,,305.755,281.8775,330.3775,Badger2013,Ras il‐Pellegrin,35.9155,14.33433333,,https://doi.org/10.1002/palo.20015,Tierney
13.6576,,,304.986,281.993,328.493,Badger2013,Ras il‐Pellegrin,35.9155,14.33433333,,https://doi.org/10.1002/palo.20015,Tierney
13.665,,,307.628,284.314,331.314,Badger2013,Ras il‐Pellegrin,35.9155,14.33433333,,https://doi.org/10.1002/palo.20015,Tierney
13.6717,,,289.419,266.7095,311.7095,Badger2013,Ras il‐Pellegrin,35.9155,14.33433333,,https://doi.org/10.1002/palo.20015,Tierney
13.6791,,,260.972,240.986,282.486,Badger2013,Ras il‐Pellegrin,35.9155,14.33433333,,https://doi.org/10.1002/palo.20015,Tierney
13.6931,,,294.316,271.658,316.658,Badger2013,Ras il‐Pellegrin,35.9155,14.33433333,,https://doi.org/10.1002/palo.20015,Tierney
13.7039,,,271.171,249.0855,294.0855,Badger2013,Ras il‐Pellegrin,35.9155,14.33433333,,https://doi.org/10.1002/palo.20015,Tierney
13.7088,,,301.116,278.558,323.558,Badger2013,Ras il‐Pellegrin,35.9155,14.33433333,,https://doi.org/10.1002/palo.20015,Tierney
13.7155,,,292.386,271.193,315.193,Badger2013,Ras il‐Pellegrin,35.9155,14.33433333,,https://doi.org/10.1002/palo.20015,Tierney
13.7407,,,305.239,282.6195,328.6195,Badger2013,Ras il‐Pellegrin,35.9155,14.33433333,,https://doi.org/10.1002/palo.20015,Tierney
13.7526,,,304.841,278.9205,331.4205,Badger2013,Ras il‐Pellegrin,35.9155,14.33433333,,https://doi.org/10.1002/palo.20015,Tierney
13.7597,,,291.561,270.2805,314.7805,Badger2013,Ras il‐Pellegrin,35.9155,14.33433333,,https://doi.org/10.1002/palo.20015,Tierney
13.7659,,,340.461,312.7305,367.7305,Badger2013,Ras il‐Pellegrin,35.9155,14.33433333,,https://doi.org/10.1002/palo.20015,Tierney
13.767,,,284,244,324,Super2018,ODP608,42.8367,-23.0875,,https://doi.org/10.1130/G40228.1,Tierney
13.7725,,,312.773,289.3865,336.3865,Badger2013,Ras il‐Pellegrin,35.9155,14.33433333,,https://doi.org/10.1002/palo.20015,Tierney
13.7787,,,312.764,286.382,338.882,Badger2013,Ras il‐Pellegrin,35.9155,14.33433333,,https://doi.org/10.1002/palo.20015,Tierney
13.785,,,308,269,351,Super2018,ODP608,42.8367,-23.0875,,https://doi.org/10.1130/G40228.1,Tierney
13.7857,,,294.175,272.0875,317.5875,Badger2013,Ras il‐Pellegrin,35.9155,14.33433333,,https://doi.org/10.1002/palo.20015,Tierney
13.7919,,,315.019,288.0095,344.5095,Badger2013,Ras il‐Pellegrin,35.9155,14.33433333,,https://doi.org/10.1002/palo.20015,Tierney
13.7989,,,329.416,306.208,353.708,Badger2013,Ras il‐Pellegrin,35.9155,14.33433333,,https://doi.org/10.1002/palo.20015,Tierney
13.843,,,277,245,314,Super2018,ODP608,42.8367,-23.0875,,https://doi.org/10.1130/G40228.1,Tierney
13.855,,,331,287,379,Super2018,ODP608,42.8367,-23.0875,,https://doi.org/10.1130/G40228.1,Tierney
14.465,,,314,279,359,Super2018,ODP608,42.8367,-23.0875,,https://doi.org/10.1130/G40228.1,Tierney
14.557,,,301,267,343,Super2018,ODP608,42.8367,-23.0875,,https://doi.org/10.1130/G40228.1,Tierney
14.598,,,263,229,297,Super2018,ODP608,42.8367,-23.0875,,https://doi.org/10.1130/G40228.1,Tierney
14.645,,,458,401,539,Super2018,ODP608,42.8367,-23.0875,,https://doi.org/10.1130/G40228.1,Tierney
14.692,,,350,310,403,Super2018,ODP608,42.8367,-23.0875,,https://doi.org/10.1130/G40228.1,Tierney
14.779,,,482,422,568,Super2018,ODP608,42.8367,-23.0875,,https://doi.org/10.1130/G40228.1,Tierney
15.03,,,464,406,544,Super2018,ODP608,42.8367,-23.0875,,https://doi.org/10.1130/G40228.1,Tierney
15.749,,,386,339,446,Super2018,ODP608,42.8367,-23.0875,,https://doi.org/10.1130/G40228.1,Tierney
16.066,,,445,388,520,Super2018,ODP608,42.8367,-23.0875,,https://doi.org/10.1130/G40228.1,Tierney
16.111,,,497,432,584,Super2018,ODP608,42.8367,-23.0875,,https://doi.org/10.1130/G40228.1,Tierney
16.132,,,403,354,466,Super2018,ODP608,42.8367,-23.0875,,https://doi.org/10.1130/G40228.1,Tierney
16.316,,,422,370,491,Super2018,ODP608,42.8367,-23.0875,,https://doi.org/10.1130/G40228.1,Tierney
16.428,,,420,370,492,Super2018,ODP608,42.8367,-23.0875,,https://doi.org/10.1130/G40228.1,Tierney
16.655,,,330,294,381,Super2018,ODP608,42.8367,-23.0875,,https://doi.org/10.1130/G40228.1,Tierney
16.844,,,314,280,361,Super2018,ODP608,42.8367,-23.0875,,https://doi.org/10.1130/G40228.1,Tierney
17.014,,,266,239,306,Super2018,ODP608,42.8367,-23.0875,,https://doi.org/10.1130/G40228.1,Tierney
17.376,,,267,240,305,Super2018,ODP608,42.8367,-23.0875,,https://doi.org/10.1130/G40228.1,Tierney
17.484,,,300,267,343,Super2018,ODP608,42.8367,-23.0875,,https://doi.org/10.1130/G40228.1,Tierney
17.796,,,310,276,355,Super2018,ODP608,42.8367,-23.0875,,https://doi.org/10.1130/G40228.1,Tierney
17.902,,,329,293,379,Super2018,ODP608,42.8367,-23.0875,,https://doi.org/10.1130/G40228.1,Tierney
18.435,,,579,500,692,Super2018,ODP608,42.8367,-23.0875,,https://doi.org/10.1130/G40228.1,Tierney
18.517,,,344,305,396,Super2018,ODP608,42.8367,-23.0875,,https://doi.org/10.1130/G40228.1,Tierney
18.594,,,313,277,357,Super2018,ODP608,42.8367,-23.0875,,https://doi.org/10.1130/G40228.1,Tierney
18.679,,,313,277,357,Super2018,ODP608,42.8367,-23.0875,,https://doi.org/10.1130/G40228.1,Tierney
19.226,,,383,338,450,Super2018,ODP608,42.8367,-23.0875,,https://doi.org/10.1130/G40228.1,Tierney
19.296,,,479,419,574,Super2018,ODP608,42.8367,-23.0875,,https://doi.org/10.1130/G40228.1,Tierney
19.816,,,364,322,420,Super2018,ODP608,42.8367,-23.0875,,https://doi.org/10.1130/G40228.1,Tierney
19.934,,,461,396,537,Super2018,ODP608,42.8367,-23.0875,,https://doi.org/10.1130/G40228.1,Tierney
20.876,,,391,345,454,Super2018,ODP608,42.8367,-23.0875,,https://doi.org/10.1130/G40228.1,Tierney
21.281,,,374,329,431,Super2018,ODP608,42.8367,-23.0875,,https://doi.org/10.1130/G40228.1,Tierney
21.326,,,419,368,487,Super2018,ODP608,42.8367,-23.0875,,https://doi.org/10.1130/G40228.1,Tierney
21.468,,,341,301,391,Super2018,ODP608,42.8367,-23.0875,,https://doi.org/10.1130/G40228.1,Tierney
21.755,,,416,364,483,Super2018,ODP608,42.8367,-23.0875,,https://doi.org/10.1130/G40228.1,Tierney
23.084,,,559,481,663,Super2018,ODP608,42.8367,-23.0875,,https://doi.org/10.1130/G40228.1,Tierney
23.568,,,375,330,431,Super2018,ODP608,42.8367,-23.0875,,https://doi.org/10.1130/G40228.1,Tierney
25.3,,,416.2004149,386.3569347,506.2605117,Zhang2013,ODP925,4.20426,-43.4891,,https://doi.org/10.1098/rsta.2013.0096,Tierney
26.57,,,655.7149185,588.3172014,825.2001361,Zhang2013,ODP925,4.20426,-43.4891,,https://doi.org/10.1098/rsta.2013.0096,Tierney
27.85,,,711.7747761,625.9255522,913.9869929,Zhang2013,ODP925,4.20426,-43.4891,,https://doi.org/10.1098/rsta.2013.0096,Tierney
28.78,,,730.2141084,661.8232488,909.7611665,Zhang2013,ODP925,4.20426,-43.4891,,https://doi.org/10.1098/rsta.2013.0096,Tierney
29.21,,,853.7484498,791.5099523,1039.841316,Zhang2013,ODP925,4.20426,-43.4891,,https://doi.org/10.1098/rsta.2013.0096,Tierney
29.57,,,971.8445958,904.6429229,1178.904502,Zhang2013,ODP925,4.20426,-43.4891,,https://doi.org/10.1098/rsta.2013.0096,Tierney
29.64,,,895.1637135,817.835762,1106.427641,Zhang2013,ODP925,4.20426,-43.4891,,https://doi.org/10.1098/rsta.2013.0096,Tierney
30.62,,,764.7814419,708.6776878,931.9409151,Zhang2013,ODP925,4.20426,-43.4891,,https://doi.org/10.1098/rsta.2013.0096,Tierney
31.27,,,724.9614463,663.7053058,894.1652805,Zhang2013,ODP925,4.20426,-43.4891,,https://doi.org/10.1098/rsta.2013.0096,Tierney
32.04,,,743.2500167,688.3708009,906.1699613,Zhang2013,ODP925,4.20426,-43.4891,,https://doi.org/10.1098/rsta.2013.0096,Tierney
32.58,,,756.3681258,698.1591148,925.2846539,Zhang2013,ODP925,4.20426,-43.4891,,https://doi.org/10.1098/rsta.2013.0096,Tierney
32.83,,,740.4755118,671.0708577,922.6177125,Zhang2013,ODP925,4.20426,-43.4891,,https://doi.org/10.1098/rsta.2013.0096,Tierney
32.91,,,723.4797873,653.9337501,903.8264199,Zhang2013,ODP925,4.20426,-43.4891,,https://doi.org/10.1098/rsta.2013.0096,Tierney
32.97,,,726.5358757,653.4406647,912.1693807,Zhang2013,ODP925,4.20426,-43.4891,,https://doi.org/10.1098/rsta.2013.0096,Tierney
33.45,,,766.5484817,698.3266529,950.1496664,Zhang2013,ODP925,4.20426,-43.4891,,https://doi.org/10.1098/rsta.2013.0096,Tierney
33.57,,,671.2888028,611.5310744,832.0595005,Zhang2013,ODP925,4.20426,-43.4891,,https://doi.org/10.1098/rsta.2013.0096,Tierney
33.69,,,929.6320425,791.6138735,1234.14702,Zhang2013,ODP925,4.20426,-43.4891,,https://doi.org/10.1098/rsta.2013.0096,Tierney
34.69,,,1038.217609,952.7588409,1277.553914,Zhang2013,ODP925,4.20426,-43.4891,,https://doi.org/10.1098/rsta.2013.0096,Tierney
35.29,,,878.8900497,813.1650389,1072.644832,Zhang2013,ODP925,4.20426,-43.4891,,https://doi.org/10.1098/rsta.2013.0096,Tierney
35.56,,,918.540775,824.9062596,1155.131753,Zhang2013,ODP925,4.20426,-43.4891,,https://doi.org/10.1098/rsta.2013.0096,Tierney
35.86,,,947.350845,881.2717736,1149.937479,Zhang2013,ODP925,4.20426,-43.4891,,https://doi.org/10.1098/rsta.2013.0096,Tierney
36.09,,,1131.586325,1031.746314,1401.580812,Zhang2013,ODP925,4.20426,-43.4891,,https://doi.org/10.1098/rsta.2013.0096,Tierney
36.48,,,2622.279625,2417.277927,3212.437683,Zhang2013,ODP925,4.20426,-43.4891,,https://doi.org/10.1098/rsta.2013.0096,Tierney
36.81,,,1246.998487,1086.945007,1617.385165,Zhang2013,ODP925,4.20426,-43.4891,,https://doi.org/10.1098/rsta.2013.0096,Tierney
37.1,,,939.1873296,876.9836355,1135.728135,Zhang2013,ODP925,4.20426,-43.4891,,https://doi.org/10.1098/rsta.2013.0096,Tierney
37.43,,,1042.304558,937.6882284,1308.581392,Zhang2013,ODP925,4.20426,-43.4891,,https://doi.org/10.1098/rsta.2013.0096,Tierney
38.25,,,898.4541233,801.7959664,1137.057184,Zhang2013,ODP925,4.20426,-43.4891,,https://doi.org/10.1098/rsta.2013.0096,Tierney
38.55,,,797.5691852,737.012197,974.5999694,Zhang2013,ODP925,4.20426,-43.4891,,https://doi.org/10.1098/rsta.2013.0096,Tierney
38.62,,,863.2975414,754.0883343,1116.377472,Zhang2013,ODP925,4.20426,-43.4891,,https://doi.org/10.1098/rsta.2013.0096,Tierney
118.86,,,1903.992667,1184.072357,3210.583166,Naafs2016,Cau,38.69,0.02,mixed algal biomarkers,https://doi.org/10.1038/ngeo2627,Tierney
118.86,,,761.9951837,588.3531822,1014.183448,Naafs2016,Cau,38.69,0.02,mixed algal biomarkers,https://doi.org/10.1038/ngeo2627,Tierney
119.1365,,,1379.298506,1041.009696,1900.29589,Naafs2016,Cau,38.69,0.02,mixed algal biomarkers,https://doi.org/10.1038/ngeo2627,Tierney
119.1365,,,1226.623212,899.7078094,1735.0628,Naafs2016,Djebel Serdj,35.98,9.58,mixed algal biomarkers,https://doi.org/10.1038/ngeo2627,Tierney
119.566,,,2058.443357,1358.052341,3326.076098,Naafs2016,Cau,38.69,0.02,mixed algal biomarkers,https://doi.org/10.1038/ngeo2627,Tierney
119.566,,,2004.592701,1380.804439,3098.813471,Naafs2016,Cau,38.69,0.02,mixed algal biomarkers,https://doi.org/10.1038/ngeo2627,Tierney
119.566,,,2005.346067,1321.26376,3230.822737,Naafs2016,Cau,38.69,0.02,mixed algal biomarkers,https://doi.org/10.1038/ngeo2627,Tierney
119.566,,,1746.151385,1233.371731,2599.929159,Naafs2016,Cau,38.69,0.02,mixed algal biomarkers,https://doi.org/10.1038/ngeo2627,Tierney
119.566,,,1634.022914,1008.825696,2731.090134,Naafs2016,Cau,38.69,0.02,mixed algal biomarkers,https://doi.org/10.1038/ngeo2627,Tierney
119.9405,,,1254.628183,951.9973471,1716.465106,Naafs2016,Cau,38.69,0.02,mixed algal biomarkers,https://doi.org/10.1038/ngeo2627,Tierney
119.9405,,,1941.765933,1409.179405,2829.476937,Naafs2016,Cau,38.69,0.02,mixed algal biomarkers,https://doi.org/10.1038/ngeo2627,Tierney
119.9405,,,2187.059149,1426.476028,3596.359151,Naafs2016,Cau,38.69,0.02,mixed algal biomarkers,https://doi.org/10.1038/ngeo2627,Tierney
119.9405,,,1844.591634,1011.355486,3440.206718,Naafs2016,Cau,38.69,0.02,mixed algal biomarkers,https://doi.org/10.1038/ngeo2627,Tierney
119.9405,,,1321.965487,856.4329774,2104.295598,Naafs2016,Djebel Serdj,35.98,9.58,mixed algal biomarkers,https://doi.org/10.1038/ngeo2627,Tierney
119.9405,,,1894.482964,1154.485761,3278.296733,Naafs2016,Djebel Serdj,35.98,9.58,mixed algal biomarkers,https://doi.org/10.1038/ngeo2627,Tierney
120.135,,,895.5945104,691.7976025,1194.499206,Naafs2016,Cau,38.69,0.02,mixed algal biomarkers,https://doi.org/10.1038/ngeo2627,Tierney
120.135,,,914.7961523,753.0850136,1140.712833,Naafs2016,Cau,38.69,0.02,mixed algal biomarkers,https://doi.org/10.1038/ngeo2627,Tierney
120.135,,,1436.647926,933.641479,2289.226784,Naafs2016,Cau,38.69,0.02,mixed algal biomarkers,https://doi.org/10.1038/ngeo2627,Tierney
120.135,,,1596.129513,1050.157835,2517.358577,Naafs2016,Cau,38.69,0.02,mixed algal biomarkers,https://doi.org/10.1038/ngeo2627,Tierney
120.135,,,1117.470931,778.6671103,1593.902176,Naafs2016,Djebel Serdj,35.98,9.58,mixed algal biomarkers,https://doi.org/10.1038/ngeo2627,Tierney
120.135,,,1098.802029,822.1364212,1519.60281,Naafs2016,Djebel Serdj,35.98,9.58,mixed algal biomarkers,https://doi.org/10.1038/ngeo2627,Tierney
120.31,,,971.6179582,698.8626646,1388.404785,Naafs2016,Cau,38.69,0.02,mixed algal biomarkers,https://doi.org/10.1038/ngeo2627,Tierney
120.31,,,974.9345367,799.4282038,1221.194323,Naafs2016,Cau,38.69,0.02,mixed algal biomarkers,https://doi.org/10.1038/ngeo2627,Tierney