Age,AgeLower,AgeUpper,CO2,CO2Low1s,CO2High1s,QualityFlag,Source,Site,Latitude,Longitude,doi,Notes
0.866025,,,275.505396,178.003665,386.097992,0,Da2019,Luochuan,35.76,109.42,https://doi.org/10.1038/s41467-019-12357-5,Quality flag denotes samples where either Sz was adjusted by Foster et al substantially and the resulting values might not be reasonable or the calculated values are physically impossible
0.9363758,,,303.018232,208.742464,401.844584,0,Da2019,Luochuan,35.76,109.42,https://doi.org/10.1038/s41467-019-12357-5,
0.94040093,,,216.846556,137.362978,302.8495,0,Da2019,Luochuan,35.76,109.42,https://doi.org/10.1038/s41467-019-12357-5,
0.95,,,244.166746,153.016272,403.08595,0,Da2015,LingtaiBaoji,35,107.5,https://doi.org/10.1016/j.epsl.2015.05.053,
0.95471249,,,271.304908,185.346776,364.798298,0,Da2019,Luochuan,35.76,109.42,https://doi.org/10.1038/s41467-019-12357-5,
0.95672505,,,257.24384,171.442166,352.549731,0,Da2019,Luochuan,35.76,109.42,https://doi.org/10.1038/s41467-019-12357-5,
1.01606602,,,301.682579,204.402289,416.144777,0,Da2019,Luochuan,35.76,109.42,https://doi.org/10.1038/s41467-019-12357-5,
1.01868854,,,225.039234,135.304118,324.776377,0,Da2019,Luochuan,35.76,109.42,https://doi.org/10.1038/s41467-019-12357-5,
1.02393357,,,275.90742,180.855351,378.805569,0,Da2019,Luochuan,35.76,109.42,https://doi.org/10.1038/s41467-019-12357-5,
1.02786735,,,316.924364,214.39235,433.219179,0,Da2019,Luochuan,35.76,109.42,https://doi.org/10.1038/s41467-019-12357-5,
1.02939715,,,273.660305,179.417443,385.736496,0,Da2019,Luochuan,35.76,109.42,https://doi.org/10.1038/s41467-019-12357-5,
1.05905344,,,315.03556,226.746123,413.563987,0,Da2019,Luochuan,35.76,109.42,https://doi.org/10.1038/s41467-019-12357-5,
1.06745344,,,245.486865,176.293675,318.899118,0,Da2019,Luochuan,35.76,109.42,https://doi.org/10.1038/s41467-019-12357-5,
1.07,,,213.84778,134.015752,353.033479,0,Da2015,LingtaiBaoji,35,107.5,https://doi.org/10.1016/j.epsl.2015.05.053,
1.07165344,,,242.539774,172.92745,317.400016,0,Da2019,Luochuan,35.76,109.42,https://doi.org/10.1038/s41467-019-12357-5,
1.16,,,334.666483,209.731335,552.488656,0,Da2015,LingtaiBaoji,35,107.5,https://doi.org/10.1016/j.epsl.2015.05.053,
1.16807417,,,211.680376,120.859745,326.271514,0,Da2019,Luochuan,35.76,109.42,https://doi.org/10.1038/s41467-019-12357-5,
1.17556059,,,236.16704,129.637078,368.294922,0,Da2019,Luochuan,35.76,109.42,https://doi.org/10.1038/s41467-019-12357-5,
1.19417539,,,333.810796,196.933969,507.671308,0,Da2019,Luochuan,35.76,109.42,https://doi.org/10.1038/s41467-019-12357-5,
1.23,,,193.487893,121.256463,319.422084,0,Da2015,LingtaiBaoji,35,107.5,https://doi.org/10.1016/j.epsl.2015.05.053,
1.23,,,216.528049,135.695443,357.458236,0,Da2015,LingtaiBaoji,35,107.5,https://doi.org/10.1016/j.epsl.2015.05.053,
1.27609814,,,233.82214,165.437116,302.486503,0,Da2019,Luochuan,35.76,109.42,https://doi.org/10.1038/s41467-019-12357-5,
1.27678047,,,213.326467,148.392806,278.451035,0,Da2019,Luochuan,35.76,109.42,https://doi.org/10.1038/s41467-019-12357-5,
1.27813047,,,214.342078,149.118654,280.7251,0,Da2019,Luochuan,35.76,109.42,https://doi.org/10.1038/s41467-019-12357-5,
1.28,,,140.874681,88.2844155,232.564858,0,Da2015,LingtaiBaoji,35,107.5,https://doi.org/10.1016/j.epsl.2015.05.053,
1.28143047,,,199.784803,134.195849,268.599397,0,Da2019,Luochuan,35.76,109.42,https://doi.org/10.1038/s41467-019-12357-5,
1.28278047,,,221.258473,152.949884,292.620439,0,Da2019,Luochuan,35.76,109.42,https://doi.org/10.1038/s41467-019-12357-5,
1.31,,,156.512799,98.0846303,258.381256,0,Da2015,LingtaiBaoji,35,107.5,https://doi.org/10.1016/j.epsl.2015.05.053,
1.31,,,196.35058,123.050474,324.147991,0,Da2015,LingtaiBaoji,35,107.5,https://doi.org/10.1016/j.epsl.2015.05.053,
1.329304,,,196.032759,119.21033,282.118017,0,Da2019,Luochuan,35.76,109.42,https://doi.org/10.1038/s41467-019-12357-5,
1.33059223,,,268.736141,177.409512,369.719036,0,Da2019,Luochuan,35.76,109.42,https://doi.org/10.1038/s41467-019-12357-5,
1.33445694,,,201.323307,119.844401,291.244012,0,Da2019,Luochuan,35.76,109.42,https://doi.org/10.1038/s41467-019-12357-5,
1.33574517,,,249.134862,160.669194,353.17879,0,Da2019,Luochuan,35.76,109.42,https://doi.org/10.1038/s41467-019-12357-5,
1.33703341,,,169.244791,95.8889687,250.049562,0,Da2019,Luochuan,35.76,109.42,https://doi.org/10.1038/s41467-019-12357-5,
1.36,,,194.387688,121.820353,320.907524,0,Da2015,LingtaiBaoji,35,107.5,https://doi.org/10.1016/j.epsl.2015.05.053,
1.3863532,,,214.228644,150.811848,280.68661,0,Da2019,Luochuan,35.76,109.42,https://doi.org/10.1038/s41467-019-12357-5,
1.38943012,,,196.942049,136.35427,259.940357,0,Da2019,Luochuan,35.76,109.42,https://doi.org/10.1038/s41467-019-12357-5,
1.39,,,191.660186,120.111062,316.404791,0,Da2015,LingtaiBaoji,35,107.5,https://doi.org/10.1016/j.epsl.2015.05.053,
1.39,,,191.731356,120.155663,316.522283,0,Da2015,LingtaiBaoji,35,107.5,https://doi.org/10.1016/j.epsl.2015.05.053,
1.3963532,,,190.641159,130.302714,256.626733,0,Da2019,Luochuan,35.76,109.42,https://doi.org/10.1038/s41467-019-12357-5,
1.39866089,,,234.712839,164.497624,307.510049,0,Da2019,Luochuan,35.76,109.42,https://doi.org/10.1038/s41467-019-12357-5,
1.42063868,,,261.451319,176.183249,360.272154,0,Da2019,Luochuan,35.76,109.42,https://doi.org/10.1038/s41467-019-12357-5,
1.42389853,,,240.544889,156.436168,337.16276,0,Da2019,Luochuan,35.76,109.42,https://doi.org/10.1038/s41467-019-12357-5,
1.42715837,,,216.458073,141.970812,300.618287,0,Da2019,Luochuan,35.76,109.42,https://doi.org/10.1038/s41467-019-12357-5,
1.43367805,,,252.882825,168.154409,348.98338,0,Da2019,Luochuan,35.76,109.42,https://doi.org/10.1038/s41467-019-12357-5,
1.44,,,193.677775,121.375459,319.735554,0,Da2015,LingtaiBaoji,35,107.5,https://doi.org/10.1016/j.epsl.2015.05.053,
1.48,,,210.086586,131.658658,346.82426,0,Da2015,LingtaiBaoji,35,107.5,https://doi.org/10.1016/j.epsl.2015.05.053,
1.48,,,238.945089,149.743924,394.465707,0,Da2015,LingtaiBaoji,35,107.5,https://doi.org/10.1016/j.epsl.2015.05.053,
1.516,,,190.959591,125.28484,259.3917,0,Da2019,Luochuan,35.76,109.42,https://doi.org/10.1038/s41467-019-12357-5,
1.5192,,,214.553063,144.282142,287.953206,0,Da2019,Luochuan,35.76,109.42,https://doi.org/10.1038/s41467-019-12357-5,
1.52,,,302.608724,189.641135,499.565674,0,Da2015,LingtaiBaoji,35,107.5,https://doi.org/10.1016/j.epsl.2015.05.053,
1.5208,,,185.791736,121.162879,250.650248,0,Da2019,Luochuan,35.76,109.42,https://doi.org/10.1038/s41467-019-12357-5,
1.56,,,229.975633,144.122877,379.65836,0,Da2015,LingtaiBaoji,35,107.5,https://doi.org/10.1016/j.epsl.2015.05.053,
1.56,,,281.728019,176.555456,465.094481,0,Da2015,LingtaiBaoji,35,107.5,https://doi.org/10.1016/j.epsl.2015.05.053,
1.60617229,,,200.665211,136.145709,267.991909,0,Da2019,Luochuan,35.76,109.42,https://doi.org/10.1038/s41467-019-12357-5,
1.64,,,207.445529,130.00354,342.464236,0,Da2015,LingtaiBaoji,35,107.5,https://doi.org/10.1016/j.epsl.2015.05.053,
1.64,,,246.500407,154.478748,406.938505,0,Da2015,LingtaiBaoji,35,107.5,https://doi.org/10.1016/j.epsl.2015.05.053,
1.64702943,,,201.119903,134.458293,269.557744,0,Da2019,Luochuan,35.76,109.42,https://doi.org/10.1038/s41467-019-12357-5,
1.6502632,,,209.813543,140.632214,281.189686,0,Da2019,Luochuan,35.76,109.42,https://doi.org/10.1038/s41467-019-12357-5,
1.65058405,,,200.360895,134.132943,268.405343,0,Da2019,Luochuan,35.76,109.42,https://doi.org/10.1038/s41467-019-12357-5,
1.71615464,,,183.828515,124.570159,245.423301,0,Da2019,Luochuan,35.76,109.42,https://doi.org/10.1038/s41467-019-12357-5,
1.71861111,,,220.199484,153.065975,291.340567,0,Da2019,Luochuan,35.76,109.42,https://doi.org/10.1038/s41467-019-12357-5,
1.72106758,,,210.000372,142.372804,278.591074,0,Da2019,Luochuan,35.76,109.42,https://doi.org/10.1038/s41467-019-12357-5,
1.72352405,,,176.709648,116.702092,239.304157,0,Da2019,Luochuan,35.76,109.42,https://doi.org/10.1038/s41467-019-12357-5,
1.72598052,,,163.215618,108.364006,221.309478,0,Da2019,Luochuan,35.76,109.42,https://doi.org/10.1038/s41467-019-12357-5,
1.73,,,238.702677,149.592008,394.065519,0,Da2015,LingtaiBaoji,35,107.5,https://doi.org/10.1016/j.epsl.2015.05.053,
1.80909915,,,255.56761,176.041892,347.989707,0,Da2019,Luochuan,35.76,109.42,https://doi.org/10.1038/s41467-019-12357-5,
1.82,,,229.826111,144.029174,379.411521,0,Da2015,LingtaiBaoji,35,107.5,https://doi.org/10.1016/j.epsl.2015.05.053,
1.82414799,,,225.761578,150.148786,309.469217,0,Da2019,Luochuan,35.76,109.42,https://doi.org/10.1038/s41467-019-12357-5,
1.8279102,,,251.479025,171.582836,346.03215,0,Da2019,Luochuan,35.76,109.42,https://doi.org/10.1038/s41467-019-12357-5,
1.92957811,,,228.813656,163.934767,294.123042,0,Da2019,Luochuan,35.76,109.42,https://doi.org/10.1038/s41467-019-12357-5,
1.93540121,,,254.343114,185.28119,329.054848,0,Da2019,Luochuan,35.76,109.42,https://doi.org/10.1038/s41467-019-12357-5,
1.94,,,251.651698,157.706998,415.442583,0,Da2015,LingtaiBaoji,35,107.5,https://doi.org/10.1016/j.epsl.2015.05.053,
1.94,,,307.051139,192.425141,506.899494,0,Da2015,LingtaiBaoji,35,107.5,https://doi.org/10.1016/j.epsl.2015.05.053,
1.94704743,,,252.456644,186.73424,322.641618,0,Da2019,Luochuan,35.76,109.42,https://doi.org/10.1038/s41467-019-12357-5,
1.95578209,,,261.603273,192.043286,334.115489,0,Da2019,Luochuan,35.76,109.42,https://doi.org/10.1038/s41467-019-12357-5,
1.9616052,,,274.650124,202.095546,352.310003,0,Da2019,Luochuan,35.76,109.42,https://doi.org/10.1038/s41467-019-12357-5,
2.04350086,,,147.269941,82.9133187,222.120947,0,Da2019,Luochuan,35.76,109.42,https://doi.org/10.1038/s41467-019-12357-5,
2.04986086,,,184.936007,109.11758,277.203263,0,Da2019,Luochuan,35.76,109.42,https://doi.org/10.1038/s41467-019-12357-5,
2.05198086,,,216.747554,132.654217,318.759624,0,Da2019,Luochuan,35.76,109.42,https://doi.org/10.1038/s41467-019-12357-5,
2.10355556,,,188.10829,120.002264,262.952533,0,Da2019,Luochuan,35.76,109.42,https://doi.org/10.1038/s41467-019-12357-5,
2.11444444,,,199.223455,128.829347,275.67792,0,Da2019,Luochuan,35.76,109.42,https://doi.org/10.1038/s41467-019-12357-5,
2.12,,,299.139988,187.467321,493.839264,0,Da2015,LingtaiBaoji,35,107.5,https://doi.org/10.1016/j.epsl.2015.05.053,
2.12,,,299.761842,187.857029,494.86586,0,Da2015,LingtaiBaoji,35,107.5,https://doi.org/10.1016/j.epsl.2015.05.053,
2.13077778,,,282.479359,184.042616,393.551336,0,Da2019,Luochuan,35.76,109.42,https://doi.org/10.1038/s41467-019-12357-5,
2.14,,,277.538499,173.929935,458.178156,0,Da2015,LingtaiBaoji,35,107.5,https://doi.org/10.1016/j.epsl.2015.05.053,
2.2,,,337.622122,211.583597,557.368011,0,Da2015,LingtaiBaoji,35,107.5,https://doi.org/10.1016/j.epsl.2015.05.053,
2.25466142,,,270.103134,173.039599,386.043604,0,Da2019,Luochuan,35.76,109.42,https://doi.org/10.1038/s41467-019-12357-5,
2.26,,,341.800519,214.202146,564.265974,0,Da2015,LingtaiBaoji,35,107.5,https://doi.org/10.1016/j.epsl.2015.05.053,
2.26,,,386.98122,242.516331,638.853141,0,Da2015,LingtaiBaoji,35,107.5,https://doi.org/10.1016/j.epsl.2015.05.053,
2.26288189,,,206.863598,125.711582,299.304053,0,Da2019,Luochuan,35.76,109.42,https://doi.org/10.1038/s41467-019-12357-5,
2.29667717,,,210.72533,129.48553,305.990783,0,Da2019,Luochuan,35.76,109.42,https://doi.org/10.1038/s41467-019-12357-5,
2.34,,,405.306043,254.00027,669.104921,0,Da2015,LingtaiBaoji,35,107.5,https://doi.org/10.1016/j.epsl.2015.05.053,
2.34173953,,,251.499307,173.544744,339.129747,0,Da2019,Luochuan,35.76,109.42,https://doi.org/10.1038/s41467-019-12357-5,
2.34965953,,,187.162214,126.007696,253.971395,0,Da2019,Luochuan,35.76,109.42,https://doi.org/10.1038/s41467-019-12357-5,
2.35064953,,,181.334055,122.989514,241.664764,0,Da2019,Luochuan,35.76,109.42,https://doi.org/10.1038/s41467-019-12357-5,
2.35163953,,,238.357504,166.862838,317.341366,0,Da2019,Luochuan,35.76,109.42,https://doi.org/10.1038/s41467-019-12357-5,
2.35361953,,,240.687012,166.192728,320.269743,0,Da2019,Luochuan,35.76,109.42,https://doi.org/10.1038/s41467-019-12357-5,
2.54991031,,,266.396648,132.800457,444.66876,0,Da2019,Luochuan,35.76,109.42,https://doi.org/10.1038/s41467-019-12357-5,
2.5533194,,,246.574243,115.244378,419.635849,0,Da2019,Luochuan,35.76,109.42,https://doi.org/10.1038/s41467-019-12357-5,
2.56,,,385.026637,241.291418,635.626391,0,Da2015,LingtaiBaoji,35,107.5,https://doi.org/10.1016/j.epsl.2015.05.053,
2.56,,,399.76275,250.526358,659.953701,0,Da2015,LingtaiBaoji,35,107.5,https://doi.org/10.1016/j.epsl.2015.05.053,
2.56013758,,,227.698754,104.621683,384.561166,0,Da2019,Luochuan,35.76,109.42,https://doi.org/10.1038/s41467-019-12357-5,
2.56695576,,,376.77507,204.366781,617.509996,0,Da2019,Luochuan,35.76,109.42,https://doi.org/10.1038/s41467-019-12357-5,
2.57718304,,,341.214784,182.13506,573.164329,0,Da2019,Luochuan,35.76,109.42,https://doi.org/10.1038/s41467-019-12357-5,
3.96,5.335,2.58,80,40,160,1,"Cerling, 1992",C92,,,,
5,,,324,162,648,1,"Ekart et al., 1999",Messinian,,,https://doi.org/10.2475/ajs.299.10.805,
5.5,6.1,4.9,222,112,524,0,"Cotton & Sheldon, 2012  (updated by Breecker & Retallack, 2014)",BR2014,,,,
6.4,,,213.25182,117.605181,375.959089,0,"Breecker & Retallack, 2014",BR2014,,,https://doi.org/10.1016/j.palaeo.2014.04.012,
6.65,,,283.170342,154.042192,531.171081,0,"Breecker & Retallack, 2014",BR2014,,,https://doi.org/10.1016/j.palaeo.2014.04.012,
6.8,,,371.501302,227.050418,663.496513,0,"Breecker & Retallack, 2014",BR2014,,,https://doi.org/10.1016/j.palaeo.2014.04.012,
7,9,5,148,74,296,1,"Quade & Cerling, 1995 (reported in Ekart et al., 1999)",Dhok Pathan,,,,
7.1,8.9,5.335,468,234,936,1,"Quade et al., 1994 (reported in Ekart et al., 1999)",Rhodes Formation,,,,
7.1425,,,225,110.010822,523.658417,0,Ji et al 2018,Ji2018,,,,
7.4276,,,92,44.1040229,219.152517,0,Ji et al 2018,Ji2018,,,,
7.66,7.79,7.53,292,146,584,1,"Quade et al., 1994 (reported in Ekart et al., 1999)",Mytilini Formation,,,,
7.8322,,,238,116.879409,567.310801,0,Ji et al 2018,Ji2018,,,,
8.365,11.4,5.335,133.333333,66.6666667,266.666667,1,"Cerling, 1992",C92,,,,
8.75,,,273.787745,173.198449,476.118656,0,"Breecker & Retallack, 2014",BR2014,,,https://doi.org/10.1016/j.palaeo.2014.04.012,
9,11,7,204,102,408,1,"Quade & Cerling, 1995 (reported in Ekart et al., 1999)",Nagri,,,,
9.1,,,197.148785,89.5314867,484.540763,0,"Breecker & Retallack, 2014",BR2014,,,https://doi.org/10.1016/j.palaeo.2014.04.012,
9.8542,,,192,95.4500653,452.85002,0,Ji et al 2018,Ji2018,,,,
10.55,11.2,9.9,448,224,896,1,"Quade et al., 1994 (reported in Ekart et al., 1999)",Nea Messimbria Formation,,,,
10.7272,,,208,98.7527001,504.456392,0,Ji et al 2018,Ji2018,,,,
11.0119,,,237,98.8556392,580.775598,0,Ji et al 2018,Ji2018,,,,
11.7968,,,144,59.018436,347.226864,0,Ji et al 2018,Ji2018,,,,
11.9244,,,138,68.9543929,334.258373,0,Ji et al 2018,Ji2018,,,,
12.7,,,267.147366,130.789433,624.407142,0,"Breecker & Retallack, 2014",BR2014,,,https://doi.org/10.1016/j.palaeo.2014.04.012,
12.8,,,273.335226,192.534051,354.136402,0,"Retallack, 2009b (updated by Breecker & Retallack, 2014)",R2009,,,,
12.9087,,,258,130.076984,625.879566,0,Ji et al 2018,Ji2018,,,,
13,15,11,176,88,352,1,"Quade & Cerling, 1995 (reported in Ekart et al., 1999)",Kamlia,,,,
13,15,11,296,148,592,1,"Quade & Cerling, 1995 (reported in Ekart et al., 1999)",Chinji,,,,
13.14,,,369.900906,186.732249,553.069563,0,"Retallack, 2009b (updated by Breecker & Retallack, 2014)",R2009,,,,
13.2295,,,312,161.090253,726.297667,0,Ji et al 2018,Ji2018,,,,
13.5714,,,224,97.7422037,538.900629,0,Ji et al 2018,Ji2018,,,,
13.7,,,101.370954,31.4686864,272.475455,0,"Breecker & Retallack, 2014",BR2014,,,https://doi.org/10.1016/j.palaeo.2014.04.012,
13.7,16,11.4,133.333333,66.6666667,266.666667,1,"Cerling, 1992",C92,,,,
13.76,,,189.80031,142.656362,236.944258,0,"Retallack, 2009b (updated by Breecker & Retallack, 2014)",R2009,,,,
13.9806,,,353,190.113657,851.14299,0,Ji et al 2018,Ji2018,,,,
14.24,,,371,191.051773,889.324686,0,Ji et al 2018,Ji2018,,,,
14.4,,,132.020419,86.4961366,177.544702,0,"Retallack, 2009b (updated by Breecker & Retallack, 2014)",R2009,,,,
14.6362,,,374,198.390061,869.984111,0,Ji et al 2018,Ji2018,,,,
14.66,,,73.8293002,50.2802993,97.3783011,1,"Retallack, 2009b (updated by Breecker & Retallack, 2014)",R2009,,,,
14.7575,,,255,96.1270425,638.402962,0,Ji et al 2018,Ji2018,,,,
14.8817,,,342,178.441034,809.481263,0,Ji et al 2018,Ji2018,,,,
15.034,,,264,127.798648,607.392252,0,Ji et al 2018,Ji2018,,,,
15.11,,,181.879483,130.62822,233.130747,0,"Retallack, 2009b (updated by Breecker & Retallack, 2014)",R2009,,,,
15.1842,,,380,201.597346,894.867597,0,Ji et al 2018,Ji2018,,,,
15.61,,,472.998654,425.254659,520.74265,0,"Retallack, 2009b (updated by Breecker & Retallack, 2014)",R2009,,,,
15.98,,,333.280728,281.475433,385.086022,0,"Retallack, 2009b (updated by Breecker & Retallack, 2014)",R2009,,,,
16.13,,,288.699649,231.196844,346.202454,0,"Retallack, 2009b (updated by Breecker & Retallack, 2014)",R2009,,,,
16.7624,,,251,134.877097,607.609516,0,Ji et al 2018,Ji2018,,,,
17.5,,,260.595223,125.370949,609.452209,0,"Breecker & Retallack, 2014",BR2014,,,https://doi.org/10.1016/j.palaeo.2014.04.012,
17.8,,,237,73,1017,0,"Breecker & Retallack, 2014",BR2014,,,https://doi.org/10.1016/j.palaeo.2014.04.012,
18,,,160,47,694,0,"Breecker & Retallack, 2014",BR2014,,,https://doi.org/10.1016/j.palaeo.2014.04.012,
18.2,,,274,183,400,0,"Breecker & Retallack, 2014",BR2014,,,https://doi.org/10.1016/j.palaeo.2014.04.012,
21,,,312,156,624,1,"Ekart et al., 1999",Huete,,,https://doi.org/10.2475/ajs.299.10.805,
23,,,203.002584,97.1030377,492.510522,0,"Breecker & Retallack, 2014",BR2014,,,https://doi.org/10.1016/j.palaeo.2014.04.012,
25.165,27.29,23.04,588,294,1176,1,"Ekart et al., 1999",Salla,,,https://doi.org/10.2475/ajs.299.10.805,
31.6,35.5,27.7,264.599061,132.299531,529.198122,0,"Srivastava et al., 2013",S2013,,,,
31.6,35.5,27.7,376.834709,188.417354,753.669418,0,"Srivastava et al., 2013",S2013,,,,
34.17,,,399.28,126.96,671.6,0,"Kohn et al., 2015",K2015,,,,
45,,,780,390,1560,1,"Ekart et al., 1999",Claron,,,https://doi.org/10.2475/ajs.299.10.805,
50.4846,50.5346,50.4346,683.761,574.359,806.838,0,"Hyland & Sheldon, 2013",HS2013,,,,
50.7313,50.7813,50.6813,396.581,246,533.333,0,"Hyland & Sheldon, 2013",HS2013,,,,
50.8899,50.9399,50.8399,177.778,109.402,246.154,0,"Hyland & Sheldon, 2013",HS2013,,,,
51.1101,51.1601,51.0601,1285.47,1025.64,1531.62,0,"Hyland & Sheldon, 2013",HS2013,,,,
51.14,51.24,51.04,725,640,800,0,"Hyland et al., 2013",Hy2013,,,,
51.2335,51.2835,51.1835,1353.85,1258.12,1449.57,0,"Hyland & Sheldon, 2013",HS2013,,,,
51.3744,51.4244,51.3244,970.94,834.188,1107.69,0,"Hyland & Sheldon, 2013",HS2013,,,,
51.4626,51.5126,51.4126,1709.4,1435.9,2000,0,"Hyland & Sheldon, 2013",HS2013,,,,
51.5154,51.5654,51.4654,1299.15,1066.67,1490.6,0,"Hyland & Sheldon, 2013",HS2013,,,,
51.7797,51.8297,51.7297,902.564,738.462,1067,0,"Hyland & Sheldon, 2013",HS2013,,,,
51.84,51.94,51.74,1210,1030,1400,0,"Hyland et al., 2013",Hy2013,,,,
51.9,52,51.8,1260,1075,1440,0,"Hyland et al., 2013",Hy2013,,,,
51.9824,52.0324,51.9324,300.855,218.803,382.906,0,"Hyland & Sheldon, 2013",HS2013,,,,
52.57,52.67,52.47,750,630,880,0,"Hyland et al., 2013",Hy2013,,,,
52.81,52.91,52.71,400,275,530,0,"Hyland et al., 2013",Hy2013,,,,
53.5,55,52,80,40,160,1,"Cerling, 1992",C92,,,,
54.166,54.466,53.866,813.6,406.8,1627.2,1,"Royer et al., 2001b",R2001,,,,
54.856,55.156,54.556,230.8,115.4,461.6,1,"Royer et al., 2001b",R2001,,,,
55.4,56,55,460.8,230.4,921.6,1,"Royer et al., 2001b",R2001,,,,
55.5,56,55,328,164,656,1,"Koch et al., 1992",K1992,,,,
55.5,55.7,55.1,100,50,200,1,"Sinha & Stott, 1994",SS1994,,,,
55.725,56.025,55.425,486.8,243.4,973.6,1,"Royer et al., 2001b",R2001,,,,
55.943,57,56,579.2,289.6,1158.4,1,"Royer et al., 2001b",R2001,,,,
56.5,57,56,428,214,856,1,"Koch et al., 1992",K1992,,,,
56.5,56.243,55.643,100,50,200,1,"Sinha & Stott, 1994",SS1994,,,,
56.543,56.843,56.243,816.4,408.2,1632.8,1,"Royer et al., 2001b",R2001,,,,
56.954,57.254,56.654,474,237,948,1,"Royer et al., 2001b",R2001,,,,
60.73,62.22,59.24,-29,-109,60,1,"Ekart et al., 1999",Javelina Black Peaks,,https://doi.org/10.2475/ajs.299.10.805,Zero values were reported in Foster et al however original publication does not match. Recalculated CO2 from original pub values with Sz of 2000,
63.6,,,234.648212,188.189042,281.107381,0,"Huang et al., 2013",H2013,,,,
63.7,,,212.051517,148.000765,276.102268,0,"Huang et al., 2013",H2013,,,,
64.37,65.37,63.37,88.0518224,44.0259112,176.103645,1,"Nordt et al., 2003",N2003,,,,
64.6,,,199.594767,143.879663,255.309871,0,"Huang et al., 2013",H2013,,,,
64.61,65.61,63.61,111.169322,55.5846608,222.338643,1,"Nordt et al., 2003",N2003,,,,
64.7,,,288.941274,188.192014,389.690534,0,"Huang et al., 2013",H2013,,,,
64.77,65.77,63.77,177.525904,88.7629518,355.051807,1,"Nordt et al., 2003",N2003,,,,
64.815,64.96,64.67,400,200,800,1,"Nordt et al., 2002",N2002,,,,
64.9,,,175.130692,127.367776,222.893608,0,"Huang et al., 2013",H2013,,,,
64.91,65.91,63.91,53.7518594,26.8759297,107.503719,1,"Nordt et al., 2003",N2003,,,,
65,,,357.493018,260.161871,454.824165,0,"Huang et al., 2013",H2013,,,,
65.08,66.08,64.08,183.114299,91.5571495,366.228598,1,"Nordt et al., 2003",N2003,,,,
65.1,66.24,64.24,277.658055,200.086182,355.229929,0,"Huang et al., 2013",H2013,,,,
65.15,66.15,64.15,178.066926,89.033463,356.133852,1,"Nordt et al., 2003",N2003,,,,
65.2,,,360.483742,188.794649,532.172836,0,"Huang et al., 2013",H2013,,,,
65.24,,,277.332305,138.666153,554.66461,1,"Nordt et al., 2003",N2003,,,,
65.325,65.69,64.96,340,170,680,1,"Nordt et al., 2002",N2002,,,,
65.4,,,297.773578,196.403849,399.143306,0,"Huang et al., 2013",H2013,,,,
65.43,66.43,64.43,90.2396954,45.1198477,180.479391,1,"Nordt et al., 2003",N2003,,,,
65.5,66.5,64.5,0,10,0,1,"Nordt et al., 2003",N2003,,,,
65.5,66.5,64.5,42.4755838,21.2377919,84.9511675,1,"Nordt et al., 2003",N2003,,,,
65.52,,,1187,967,1407,0,Zhang et al 2018,Z2018,,,,
65.69,,,1048,746,1350,0,Zhang et al 2018,Z2018,,,,
65.78,,,1180,963,1397,0,Zhang et al 2018,Z2018,,,,
65.79,,,1075,701,1449,0,Zhang et al 2018,Z2018,,,,
65.81,,,938,688,1188,0,Zhang et al 2018,Z2018,,,,
65.82,,,1238,750,1726,0,Zhang et al 2018,Z2018,,,,
65.875,66.25,65.5,300,150,600,1,"Nordt et al., 2002",N2002,,,,
65.88,,,800,517,1083,0,Zhang et al 2018,Z2018,,,,
65.92,,,1251,899,1603,0,Zhang et al 2018,Z2018,,,,
65.98,,,806,425,1187,0,Zhang et al 2018,Z2018,,,,
66.11,,,701,372,1030,0,Zhang et al 2018,Z2018,,,,
66.22,,,1059,752,1366,0,Zhang et al 2018,Z2018,,,,
66.26,,,1468,1086,1850,0,Zhang et al 2018,Z2018,,,,
66.31,,,863,449,1277,0,Zhang et al 2018,Z2018,,,,
66.39,,,1285,977,1593,0,Zhang et al 2018,Z2018,,,,
66.5,,,491.867018,395.49164,588.242395,0,"Huang et al., 2013",H2013,,,,
66.6,,,870,633,1107,0,Zhang et al 2018,Z2018,,,,
66.78,,,348,159,537,0,Zhang et al 2018,Z2018,,,,
66.92,,,665,348,982,0,Zhang et al 2018,Z2018,,,,
67.175,68.1,66.25,300,150,600,1,"Nordt et al., 2002",N2002,,,,
67.175,68.1,66.25,560,280,1120,1,"Nordt et al., 2002",N2002,,,,
67.24,,,806,525,1087,0,Zhang et al 2018,Z2018,,,,
67.39,,,587,111,1063,0,Zhang et al 2018,Z2018,,,,
67.5,68.5,66.5,10.4303852,5.2151926,20.8607704,1,"Nordt et al., 2003",N2003,,,,
67.66,68.66,66.66,170.689986,85.3449932,341.379973,1,"Nordt et al., 2003",N2003,,,,
67.81,68.81,66.81,109.749774,54.8748869,219.499548,1,"Nordt et al., 2003",N2003,,,,
67.98,68.98,66.98,158.361298,79.1806491,316.722596,1,"Nordt et al., 2003",N2003,,,,
68,,,1228,705,1751,0,Zhang et al 2018,Z2018,,,,
68.1,69.1,67.1,138.293818,69.146909,276.587636,1,"Nordt et al., 2003",N2003,,,,
68.12,,,987,600,1374,0,Zhang et al 2018,Z2018,,,,
68.25,69.25,67.25,202.23822,101.11911,404.47644,1,"Nordt et al., 2003",N2003,,,,
68.3,,,175.010506,102.352715,247.668297,0,"Huang et al., 2013",H2013,,,,
68.37,69.37,67.37,145.040046,72.520023,290.080092,1,"Nordt et al., 2003",N2003,,,,
68.45,,,1333,882,1784,0,Zhang et al 2018,Z2018,,,,
68.5,,,1686,1264,2108,0,Zhang et al 2018,Z2018,,,,
68.53,69.53,67.53,344.567439,172.283719,689.134877,1,"Nordt et al., 2003",N2003,,,,
68.61,,,1132,846,1418,0,Zhang et al 2018,Z2018,,,,
68.62,,,1212,801,1623,0,Zhang et al 2018,Z2018,,,,
68.69,69.69,67.69,203.577259,101.788629,407.154518,1,"Nordt et al., 2003",N2003,,,,
68.87,,,1609,1093,2125,0,Zhang et al 2018,Z2018,,,,
68.88,69.88,67.88,309.11131,154.555655,618.22262,1,"Nordt et al., 2003",N2003,,,,
68.93,,,1850,1351,2349,0,Zhang et al 2018,Z2018,,,,
69,70,68,375.460008,187.730004,750.920015,1,"Nordt et al., 2003",N2003,,,,
69.06,70.06,68.06,328.673336,164.336668,657.346672,1,"Nordt et al., 2003",N2003,,,,
69.105,72.17,66.04,60,30,120,1,"Andrews et al., 1995",A95,,,,
69.105,72.17,66.04,172,86,344,1,"Ekart et al., 1999",Javelina,,,https://doi.org/10.2475/ajs.299.10.805,
69.105,72.17,66.04,252,126,504,1,"Ekart et al., 1999",Provence,,,https://doi.org/10.2475/ajs.299.10.805,
69.105,72.17,66.04,328,164,656,1,"Ekart et al., 1999",North Horn,,,https://doi.org/10.2475/ajs.299.10.805,
69.18,,,813,497,1129,0,Zhang et al 2018,Z2018,,,,
69.2,70.2,68.2,121.591993,60.7959966,243.183986,1,"Nordt et al., 2003",N2003,,,,
69.33,70.33,68.33,38.1927251,19.0963626,76.3854502,1,"Nordt et al., 2003",N2003,,,,
69.39,,,894,585,1203,0,Zhang et al 2018,Z2018,,,,
69.49,70.49,68.49,125.892509,62.9462546,251.785018,1,"Nordt et al., 2003",N2003,,,,
69.64,,,2175,1641,2709,0,Zhang et al 2018,Z2018,,,,
69.88,,,1856,1209,2503,0,Zhang et al 2018,Z2018,,,,
70.08,,,1264,732,1796,0,Zhang et al 2018,Z2018,,,,
70.35,71.35,69.35,254.208212,127.104106,508.416424,1,"Nordt et al., 2003",N2003,,,,
70.36,,,1248,756,1740,0,Zhang et al 2018,Z2018,,,,
70.45,71.45,69.45,289.247527,144.623763,578.495053,1,"Nordt et al., 2003",N2003,,,,
70.6,71.6,69.6,294.346229,147.173115,588.692458,1,"Nordt et al., 2003",N2003,,,,
71.05,,,3460,2741,4179,0,Zhang et al 2018,Z2018,,,,
71.43,,,1553,1099,2007,0,Zhang et al 2018,Z2018,,,,
72.1,,,680,443,917,0,Zhang et al 2018,Z2018,,,,
72.28,,,992,701,1283,0,Zhang et al 2018,Z2018,,,,
72.55,,,2454,1569,3339,0,Zhang et al 2018,Z2018,,,,
72.98,,,1473,952,1994,0,Zhang et al 2018,Z2018,,,,
73.83,,,1660,1051,2269,0,Zhang et al 2018,Z2018,,,,
74.23,,,1396,863,1929,0,Zhang et al 2018,Z2018,,,,
77.125,80,74.25,480,240,960,1,"Nordt et al., 2002",N2002,,,,
77.91,83.65,72.17,504,252,1008,1,"Ekart et al., 1999",Kaiparowitz,,,https://doi.org/10.2475/ajs.299.10.805,
77.91,83.65,72.17,1180,590,2360,1,"Ekart et al., 1999",Two Medicine,,https://doi.org/10.2475/ajs.299.10.805,,
83,,,1522,761,3044,0,"Hong & Lee, 2012",HL2012,,,,
83.25,100.5,66,740,370,1480,1,"Ghosh et al., 2005 (and 1995, 2001)",Lameta,,,,
92.15,93,91.3,1334.5,667.25,2669,0,"Sandler, 2006",S2006,,,,
95.25,100.5,90,1307.2,653.6,2614.4,0,"Leier et al., 2009",L2009,,,,
98,,,1520,760,3040,0,"Hong & Lee, 2012",HL2012,,,,
100,,,746,373,1492,0,"Ludvigson et al., 2015",L2015,,,,
100.5,,,1368,684,2736,0,"Hong & Lee, 2012",HL2012,,,,
100.8,,,763.2,381.6,1526.4,0,"Li et al., 2014",L2014,,,,
102,,,1428,714,2856,0,"Hong & Lee, 2012",HL2012,,,,
102.4,,,620.8,310.4,1241.6,0,"Li et al., 2014",L2014,,,,
102.5,,,886,443,1772,0,"Ludvigson et al., 2015",L2015,,,,
103.1,,,792,396,1584,0,"Li et al., 2014",L2014,,,,
103.3,,,1052,526,2104,0,"Li et al., 2014",L2014,,,,
103.5,,,1060,530,2120,0,"Hong & Lee, 2012",HL2012,,,,
104.6,,,1246.4,623.2,2492.8,0,"Li et al., 2014",L2014,,,,
104.7,,,1139.2,569.6,2278.4,0,"Li et al., 2014",L2014,,,,
104.8,,,1254.4,627.2,2508.8,0,"Li et al., 2014",L2014,,,,
106.1,,,1399.2,699.6,2798.4,0,"Li et al., 2014",L2014,,,,
106.4,,,1474.4,737.2,2948.8,0,"Li et al., 2014",L2014,,,,
106.5,,,1679.2,839.6,3358.4,0,"Li et al., 2014",L2014,,,,
106.6,,,1496.8,748.4,2993.6,0,"Li et al., 2014",L2014,,,,
106.85,113.2,100.5,600,300,1200,1,"Cerling, 1992",C92,,,,
106.9,,,1496,748,2992,0,"Li et al., 2014",L2014,,,,
107.8,,,1200.8,600.4,2401.6,0,"Li et al., 2014",L2014,,,,
108.8,,,1015.2,507.6,2030.4,0,"Li et al., 2014",L2014,,,,
110.3,,,1064.8,532.4,2129.6,0,"Li et al., 2014",L2014,,,,
110.95,121.4,100.5,591.2,295.6,1182.4,0,"Leier et al., 2009",L2009,,,,
111.1,,,1636.8,818.4,3273.6,0,"Li et al., 2014",L2014,,,,
111.5,,,1966.4,983.2,3932.8,0,"Li et al., 2014",L2014,,,,
111.5,,,996,498,1992,0,"Ludvigson et al., 2015",L2015,,,,
111.8,,,1880,940,3760,0,"Li et al., 2014",L2014,,,,
112.3,,,1828.8,914.4,3657.6,0,"Li et al., 2014",L2014,,,,
112.7,,,1419.2,709.6,2838.4,0,"Li et al., 2014",L2014,,,,
113.5,,,449,224.5,898,0,"Hong & Lee, 2012",HL2012,,,,
113.5,,,1335,667.5,2670,0,"Ludvigson et al., 2015",L2015,,,,
113.8,,,1295.2,647.6,2590.4,0,"Li et al., 2014",L2014,,,,
114.8,,,1514.4,757.2,3028.8,0,"Li et al., 2014",L2014,,,,
114.9,,,1426.4,713.2,2852.8,0,"Li et al., 2014",L2014,,,,
115.3,,,1367.2,683.6,2734.4,0,"Li et al., 2014",L2014,,,,
115.5,,,986,493,1972,0,"Ludvigson et al., 2015",L2015,,,,
116,,,1071,535.5,2142,0,"Ludvigson et al., 2015",L2015,,,,
116.1,,,1665.6,832.8,3331.2,0,"Li et al., 2014",L2014,,,,
116.5,,,1190,595,2380,0,"Ludvigson et al., 2015",L2015,,,,
117.3,121.4,113.2,592,296,1184,0,"Ekart et al., 1999",Glance,,,https://doi.org/10.2475/ajs.299.10.805,
117.3,121.4,113.2,904,452,1808,0,"Ekart et al., 1999",Cloverly,,,https://doi.org/10.2475/ajs.299.10.805,
117.3,121.4,113.2,1076,538,2152,0,"Ekart et al., 1999",Kootenai,,,https://doi.org/10.2475/ajs.299.10.805,
117.3,121.4,113.2,1084,542,2168,0,"Ekart et al., 1999",Cedar Mountain,,https://doi.org/10.2475/ajs.299.10.805,,
117.8,,,1364,682,2728,0,"Li et al., 2014",L2014,,,,
119.4,,,1179,589.5,2358,0,"Ludvigson et al., 2015",L2015,,,,
122,134,110,653.333333,326.666667,1306.66667,0,"Lee & Hisada, 1999  (updated by Hong and Lee, 2012)",LS1999,,,,
122.7,124,121.4,392.528548,234.035889,551.021207,0,"Huang et al., 2012",H2012,,,,
123.3,,,736,368,1472,0,"Li et al., 2014",L2014,,,,
123.6,,,607.2,303.6,1214.4,0,"Li et al., 2014",L2014,,,,
123.7,,,824,412,1648,0,"Li et al., 2014",L2014,,,,
123.8,,,1017.6,508.8,2035.2,0,"Li et al., 2014",L2014,,,,
125.25,126.5,124,112,56,224,1,"Robinson et al., 2002",R2002,,,,age adjusted for GTS2020
126.4,,,1064.8,532.4,2129.6,0,"Li et al., 2014",L2014,,,,
126.6,,,1509.6,754.8,3019.2,0,"Li et al., 2014",L2014,,,,
127,132.6,121.4,1150,575,2300,0,"Lee, 1999",L1999,,,,
127.5,,,1704,852,3408,0,"Li et al., 2014",L2014,,,,
129.8,,,940,470,1880,0,"Li et al., 2014",L2014,,,,
130.2,,,1023.2,511.6,2046.4,0,"Li et al., 2014",L2014,,,,
130.8,,,842.4,421.2,1684.8,0,"Li et al., 2014",L2014,,,,
131.3,,,1909.6,954.8,3819.2,0,"Li et al., 2014",L2014,,,,
132,,,2561.6,1280.8,5123.2,0,"Li et al., 2014",L2014,,,,
132.25,143.1,121.4,923.5978,461.7989,1847.1956,0,"Mortazavi et al., 2013",M2013,,,,
135,149,121,1112.5,556.25,2225,0,"Ghosh et al., 2005 (and 1995, 2001)",Bagra,"Ages updated based on Roy et al., 2021",,,
135,149,121,1517,923,2111,0,"Roy et al., 2021",R2021,,,https://doi.org/10.1016/j.palaeo.2021.110638,
136.425,137.7,135.15,173.735712,75.6939825,271.777442,0,"Huang et al., 2012",H2012,,,,
140.4,143.1,137.7,560,280,1120,0,"Platt, 1989 (reported in Cerling, 1991)",P1989,,,,
141.75,143.1,140.4,232.359866,92.2704396,372.449293,0,"Huang et al., 2012",H2012,,,,
152.01,154.78,149.24,1272,636,2544,0,"Ekart et al., 1999",Morrison,,,https://doi.org/10.2475/ajs.299.10.805,
155.385,161.53,149.24,557.666667,278.833333,1115.33333,0,"Gutierrez & Sheldon, 2012",GS2012,,,,
172.8,174.7,170.9,768,384,1536,0,"Ekart et al., 1999",Kayenta,,,https://doi.org/10.2475/ajs.299.10.805,
188.03,201.36,174.7,1824,912,3648,0,"Ekart et al., 1999",Aztec,,,https://doi.org/10.2475/ajs.299.10.805,
197.13,201.36,192.9,1204,602,2408,0,"Suchecki et al., 1988 (reported in Ekart et al., 1999)",S1988,,,,
198.99,,,1178.66667,589.333333,2357.33333,0,"Schaller et al., 2012",S2012,,,,
199.79,,,523.333333,261.666667,1046.66667,0,"Schaller et al., 2012",S2012,,,,
200.15,,,610,305,1220,0,"Schaller et al., 2012",S2012,,,,
200.23,,,1018.66667,509.333333,2037.33333,0,"Schaller et al., 2012",S2012,,,,
200.31,,,1810.66667,905.333333,3621.33333,0,"Schaller et al., 2012",S2012,,,,
200.33,,,1766,883,3532,0,"Schaller et al., 2012",S2012,,,,
200.35,,,1411.33333,705.666667,2822.66667,0,"Schaller et al., 2012",S2012,,,,
200.362592,,,1664,832,3328,0,"Schaller et al., 2011",S2011,,,,
200.37,,,997.333333,498.666667,1994.66667,0,"Schaller et al., 2012",S2012,,,,
200.39,,,2002,1001,4004,0,"Schaller et al., 2012",S2012,,,,
200.41,201.36,199.46,992,496,1984,1,"Tanner et al., 2001",T2001,,,,
200.44,,,1921.33333,960.666667,3842.66667,0,"Schaller et al., 2012",S2012,,,,
200.46,,,3394.66667,1697.33333,6789.33333,0,"Schaller et al., 2012",S2012,,,,
200.477826,,,2087.33333,1043.66667,4174.66667,0,"Schaller et al., 2011",S2011,,,,
200.53,,,2750,1375,5500,0,"Schaller et al., 2012",S2012,,,,
200.53,,,2997.33333,1498.66667,5994.66667,0,"Schaller et al., 2012",S2012,,,,
200.58,,,1469.33333,734.666667,2938.66667,0,"Schaller et al., 2012",S2012,,,,
200.58,,,1696.66667,848.333333,3393.33333,0,"Schaller et al., 2012",S2012,,,,
200.63,,,1544.66667,772.333333,3089.33333,0,"Schaller et al., 2012",S2012,,,,
200.63,,,2048,1024,4096,0,"Schaller et al., 2012",S2012,,,,
200.63,,,2186.66667,1093.33333,4373.33333,0,"Schaller et al., 2012",S2012,,,,
200.65,,,1992,996,3984,0,"Schaller et al., 2012",S2012,,,,
200.66,,,2303.33333,1151.66667,4606.66667,0,"Schaller et al., 2012",S2012,,,,
200.68,,,1874,937,3748,0,"Schaller et al., 2012",S2012,,,,
200.69,,,2012.66667,1006.33333,4025.33333,0,"Schaller et al., 2012",S2012,,,,
200.71,,,1818,909,3636,0,"Schaller et al., 2012",S2012,,,,
200.73,,,2382.66667,1191.33333,4765.33333,0,"Schaller et al., 2012",S2012,,,,
200.75,,,3012,1506,6024,0,"Schaller et al., 2012",S2012,,,,
200.77,,,2353.33333,1176.66667,4706.66667,0,"Schaller et al., 2012",S2012,,,,
200.77,,,2927.33333,1463.66667,5854.66667,0,"Schaller et al., 2012",S2012,,,,
200.78,,,1986.66667,993.333333,3973.33333,0,"Schaller et al., 2012",S2012,,,,
200.78,,,3648.66667,1824.33333,7297.33333,0,"Schaller et al., 2012",S2012,,,,
200.84,,,1499.33333,749.666667,2998.66667,0,"Schaller et al., 2012",S2012,,,,
200.906244,,,3294,1647,6588,0,"Schaller et al., 2011",S2011,,,,
200.906244,,,3515.33333,1757.66667,7030.66667,0,"Schaller et al., 2011",S2011,,,,
200.914325,,,1299.33333,649.666667,2598.66667,0,"Schaller et al., 2011",S2011,,,,
201.024668,,,1570.66667,785.333333,3141.33333,0,"Schaller et al., 2011",S2011,,,,
201.074334,,,2472,1236,4944,0,"Schaller et al., 2011",S2011,,,,
201.11838,,,1761.33333,880.666667,3522.66667,0,"Schaller et al., 2011",S2011,,,,
201.162962,,,2306.66667,1153.33333,4613.33333,0,"Schaller et al., 2011",S2011,,,,
201.18,,,2049.33333,1024.66667,4098.66667,0,"Schaller et al., 2012",S2012,,,,
201.199906,,,2009.33333,1004.66667,4018.66667,0,"Schaller et al., 2011",S2011,,,,
201.211599,,,2438,1219,4876,0,"Schaller et al., 2011",S2011,,,,
201.211599,,,2676.66667,1338.33333,5353.33333,0,"Schaller et al., 2011",S2011,,,,
201.215653,,,2700,1350,5400,0,"Schaller et al., 2011",S2011,,,,
201.226288,,,2713.33333,1356.66667,5426.66667,0,"Schaller et al., 2011",S2011,,,,
201.226288,,,2822.66667,1411.33333,5645.33333,0,"Schaller et al., 2011",S2011,,,,
201.256565,,,2302,1151,4604,0,"Schaller et al., 2011",S2011,,,,
201.26,,,3457.33333,1728.66667,6914.66667,0,"Schaller et al., 2012",S2012,,,,
201.277549,,,2384.66667,1192.33333,4769.33333,0,"Schaller et al., 2011",S2011,,,,
201.387846,,,2389.33333,1194.66667,4778.66667,0,"Schaller et al., 2011",S2011,,,,
201.453848,,,2818.66667,1409.33333,5637.33333,0,"Schaller et al., 2011",S2011,,,,
201.4895,,,2956,1478,5912,0,"Schaller et al., 2011",S2011,,,,
201.509102,,,710,355,1420,0,"Schaller et al., 2011",S2011,,,,
201.54,,,710,448.6,971.4,0,"Schaller et al., 2015",S2015,,,,
201.726143,,,1191.33333,595.666667,2382.66667,0,"Schaller et al., 2011",S2011,,,,
201.76,,,1189.6,729.6,1649.6,0,"Schaller et al., 2015",S2015,,,,
201.813622,,,1494.66667,747.333333,2989.33333,0,"Schaller et al., 2011",S2011,,,,
201.84,,,1494.73333,911.133333,2078.33333,0,"Schaller et al., 2015",S2015,,,,
201.876745,,,1502,751,3004,0,"Schaller et al., 2011",S2011,,,,
201.91,,,1502,917.333333,2086.66667,0,"Schaller et al., 2015",S2015,,,,
202.07297,,,1508.66667,754.333333,3017.33333,0,"Schaller et al., 2011",S2011,,,,
202.1,,,1508.86667,925.333333,2092.4,0,"Schaller et al., 2015",S2015,,,,
202.173409,,,1064.66667,532.333333,2129.33333,0,"Schaller et al., 2011",S2011,,,,
202.510292,,,1612.66667,806.333333,3225.33333,0,"Schaller et al., 2011",S2011,,,,
202.58,,,1064.53333,661.6,1467.46667,0,"Schaller et al., 2015",S2015,,,,
202.78,,,1613.26667,982.133333,2244.4,0,"Schaller et al., 2015",S2015,,,,
202.954168,,,1487.33333,743.666667,2974.66667,0,"Schaller et al., 2011",S2011,,,,
203.093487,,,1298,649,2596,0,"Schaller et al., 2011",S2011,,,,
203.34,,,1486.8,907.266667,2066.33333,0,"Schaller et al., 2015",S2015,,,,
203.54,,,1297.86667,800.933333,1794.8,0,"Schaller et al., 2015",S2015,,,,
203.55,205.74,201.36,341,170.5,682,1,"Cleveland et al., 2008",Ghost Ranch,,,,
203.55,205.74,201.36,513,256.5,1026,1,"Cleveland et al., 2008",Ghost Ranch,,,,
203.55,205.74,201.36,613.5,306.75,1227,1,"Cleveland et al., 2008",Ghost Ranch,,,,
203.55,205.74,201.36,622.5,311.25,1245,1,"Cleveland et al., 2008",Ghost Ranch,,,,
203.55,205.74,201.36,661,330.5,1322,1,"Cleveland et al., 2008",Ghost Ranch,,,,
203.55,205.74,201.36,773,386.5,1546,1,"Cleveland et al., 2008",Ghost Ranch,,,,
203.55,205.74,201.36,843,421.5,1686,1,"Cleveland et al., 2008",Ghost Ranch,,,,
203.55,205.74,201.36,862.666667,431.333333,1725.33333,0,"Cleveland et al., 2008",Montoya,,,,
203.55,205.74,201.36,879.5,439.75,1759,1,"Cleveland et al., 2008",Ghost Ranch,,,,
203.55,205.74,201.36,961,480.5,1922,1,"Cleveland et al., 2008",Ghost Ranch,,,,
203.55,205.74,201.36,1030,515,2060,0,"Cleveland et al., 2008",Montoya,,,,
203.55,205.74,201.36,1084.66667,542.333333,2169.33333,0,"Cleveland et al., 2008",Montoya,,,,
203.55,205.74,201.36,1171,585.5,2342,1,"Cleveland et al., 2008",Ghost Ranch,,,,
203.55,205.74,201.36,1191.33333,595.666667,2382.66667,0,"Cleveland et al., 2008",Montoya,,,,
203.55,205.74,201.36,1202,601,2404,1,"Cleveland et al., 2008",Ghost Ranch,,,,
203.55,205.74,201.36,1213.5,606.75,2427,1,"Cleveland et al., 2008",Ghost Ranch,,,,
203.55,205.74,201.36,1267,633.5,2534,1,"Cleveland et al., 2008",Ghost Ranch,,,,
203.55,205.74,201.36,1556.66667,778.333333,3113.33333,0,"Cleveland et al., 2008",Montoya,,,,
203.55,205.74,201.36,1618.5,809.25,3237,1,"Cleveland et al., 2008",Ghost Ranch,,,,
203.55,205.74,201.36,1702,851,3404,0,"Cleveland et al., 2008",Montoya,,,,
203.55,205.74,201.36,1776.66667,888.333333,3553.33333,0,"Cleveland et al., 2008",Montoya,,,,
203.55,205.74,201.36,1782.66667,891.333333,3565.33333,0,"Cleveland et al., 2008",Montoya,,,,
203.55,205.74,201.36,1966.66667,983.333333,3933.33333,0,"Cleveland et al., 2008",Montoya,,,,
203.571827,,,1021.33333,510.666667,2042.66667,0,"Schaller et al., 2011",S2011,,,,
203.712322,,,1854.66667,927.333333,3709.33333,0,"Schaller et al., 2011",S2011,,,,
203.87,,,1942.53333,1154.6,2730.46667,0,"Schaller et al., 2015",S2015,,,,
203.9456,,,983.333333,491.666667,1966.66667,0,"Schaller et al., 2011",S2011,,,,
204.09,,,1021.33333,631.866667,1410.8,0,"Schaller et al., 2015",S2015,,,,
204.39,,,1854.46667,1122.46667,2586.46667,0,"Schaller et al., 2015",S2015,,,,
204.62,,,1427.13333,871.666667,1982.6,0,"Schaller et al., 2015",S2015,,,,
204.64,,,1973.33333,1251.53333,2695.13333,0,"Schaller et al., 2015",S2015,,,,
204.66,,,2023.8,1269.66667,2777.93333,0,"Schaller et al., 2015",S2015,,,,
205,,,1376.66667,688.333333,2753.33333,0,"Schaller et al., 2012",S2012,,,,
205.15,209,201.3,1233.54667,616.773333,2467.09333,0,"Whiteside et al., 2015",W2015,,,,
205.15,209,201.3,1293.69333,646.846667,2587.38667,0,"Whiteside et al., 2015",W2015,,,,
205.15,209,201.3,1626.42,813.21,3252.84,0,"Whiteside et al., 2015",W2015,,,,
205.91,,,2157.86667,1351.2,2964.53333,0,"Schaller et al., 2015",S2015,,,,
205.93,,,2103.86667,1316.66667,2891.06667,0,"Schaller et al., 2015",S2015,,,,
207.22,,,1962.8,1245.66667,2679.93333,0,"Schaller et al., 2015",S2015,,,,
207.31,,,2275.6,1405.2,3146,0,"Schaller et al., 2015",S2015,,,,
207.4,,,1978,989,3956,0,"Nordt et al., 2015 (expands and refines Atchley et al., 2013)",N2015,,,,
207.49,,,2723.73333,1657.06667,3790.4,0,"Schaller et al., 2015",S2015,,,,
207.81,,,2505.33333,1539.13333,3471.53333,0,"Schaller et al., 2015",S2015,,,,
207.94,,,2508.4,1519.4,3497.4,0,"Schaller et al., 2015",S2015,,,,
208.006,,,964,482,1928,0,"Nordt et al., 2015 (expands and refines Atchley et al., 2013)",N2015,,,,
208.05,,,2953.13333,1574.93333,4331.33333,0,"Schaller et al., 2015",S2015,,,,
208.211,,,1179,589.5,2358,0,"Nordt et al., 2015 (expands and refines Atchley et al., 2013)",N2015,,,,
208.3,,,2953.13333,1764,4142.26667,0,"Schaller et al., 2015",S2015,,,,
208.37,,,2831.73333,1713.2,3950.26667,0,"Schaller et al., 2015",S2015,,,,
208.417,,,904,452,1808,0,"Nordt et al., 2015 (expands and refines Atchley et al., 2013)",N2015,,,,
208.623,,,1869,934.5,3738,0,"Nordt et al., 2015 (expands and refines Atchley et al., 2013)",N2015,,,,
208.966,,,1063,531.5,2126,0,"Nordt et al., 2015 (expands and refines Atchley et al., 2013)",N2015,,,,
209.16,,,3191.06667,1877.73333,4504.4,0,"Schaller et al., 2015",S2015,,,,
209.172,,,1406,703,2812,0,"Nordt et al., 2015 (expands and refines Atchley et al., 2013)",N2015,,,,
209.309,,,1025,512.5,2050,0,"Nordt et al., 2015 (expands and refines Atchley et al., 2013)",N2015,,,,
209.515,,,1220,610,2440,0,"Nordt et al., 2015 (expands and refines Atchley et al., 2013)",N2015,,,,
209.583,,,529,264.5,1058,0,"Nordt et al., 2015 (expands and refines Atchley et al., 2013)",N2015,,,,
209.652,,,665,332.5,1330,0,"Nordt et al., 2015 (expands and refines Atchley et al., 2013)",N2015,,,,
209.857,,,777,388.5,1554,0,"Nordt et al., 2015 (expands and refines Atchley et al., 2013)",N2015,,,,
209.926,,,1080,540,2160,0,"Nordt et al., 2015 (expands and refines Atchley et al., 2013)",N2015,,,,
210.01,,,2756,1663.93333,3848.06667,0,"Schaller et al., 2015",S2015,,,,
210.081,,,420,210,840,0,"Nordt et al., 2015 (expands and refines Atchley et al., 2013)",N2015,,,,
210.31,,,2295.53333,1437,3154.06667,0,"Schaller et al., 2015",S2015,,,,
210.39,,,219,109.5,438,0,"Nordt et al., 2015 (expands and refines Atchley et al., 2013)",N2015,,,,
210.75,,,2605.6,1579.2,3632,0,"Schaller et al., 2015",S2015,,,,
210.854,,,-127,-63.5,-254,1,"Nordt et al., 2015 (expands and refines Atchley et al., 2013)",N2015,,,,
211.061,,,726,363,1452,0,"Nordt et al., 2015 (expands and refines Atchley et al., 2013)",N2015,,,,
211.13,216.52,205.74,12.5,6.25,25,1,"Cleveland et al., 2008",Ghost Ranch,,,,
211.13,216.52,205.74,45,22.5,90,1,"Cleveland et al., 2008",Ghost Ranch,,,,
211.13,216.52,205.74,111,55.5,222,1,"Cleveland et al., 2008",Ghost Ranch,,,,
211.13,216.52,205.74,268.5,134.25,537,1,"Cleveland et al., 2008",Ghost Ranch,,,,
211.13,216.52,205.74,344,172,688,1,"Cleveland et al., 2008",Ghost Ranch,,,,
211.13,216.52,205.74,371.5,185.75,743,1,"Cleveland et al., 2008",Ghost Ranch,,,,
211.13,216.52,205.74,377,188.5,754,1,"Cleveland et al., 2008",Ghost Ranch,,,,
211.13,216.52,205.74,544,272,1088,0,"Cleveland et al., 2008",Montoya,,,,
211.13,216.52,205.74,559.5,279.75,1119,1,"Cleveland et al., 2008",Ghost Ranch,,,,
211.13,216.52,205.74,643.333333,321.666667,1286.66667,0,"Cleveland et al., 2008",Montoya,,,,
211.13,216.52,205.74,1191.33333,595.666667,2382.66667,0,"Cleveland et al., 2008",Montoya,,,,
211.13,216.52,205.74,1295.33333,647.666667,2590.66667,0,"Cleveland et al., 2008",Montoya,,,,
211.13,216.52,205.74,1348.66667,674.333333,2697.33333,0,"Cleveland et al., 2008",Montoya,,,,
211.13,216.52,205.74,1367.33333,683.666667,2734.66667,0,"Cleveland et al., 2008",Montoya,,,,
211.13,216.52,205.74,1442.66667,721.333333,2885.33333,0,"Cleveland et al., 2008",Montoya,,,,
211.13,216.52,205.74,1516,758,3032,0,"Cleveland et al., 2008",Montoya,,,,
211.13,216.52,205.74,1596,798,3192,0,"Cleveland et al., 2008",Montoya,,,,
211.13,216.52,205.74,1666.66667,833.333333,3333.33333,0,"Cleveland et al., 2008",Montoya,,,,
211.13,216.52,205.74,1678,839,3356,0,"Cleveland et al., 2008",Montoya,,,,
211.13,216.52,205.74,1702,851,3404,0,"Cleveland et al., 2008",Montoya,,,,
211.13,216.52,205.74,-194,-97,-388,1,"Nordt et al., 2015 (expands and refines Atchley et al., 2013)",N2015,,,,
211.164,,,616,308,1232,0,"Nordt et al., 2015 (expands and refines Atchley et al., 2013)",N2015,,,,
211.216,,,182,91,364,1,"Nordt et al., 2015 (expands and refines Atchley et al., 2013)",N2015,,,,
211.319,,,128,64,256,1,"Nordt et al., 2015 (expands and refines Atchley et al., 2013)",N2015,,,,
211.422,,,749,374.5,1498,0,"Nordt et al., 2015 (expands and refines Atchley et al., 2013)",N2015,,,,
211.525,,,643,321.5,1286,0,"Nordt et al., 2015 (expands and refines Atchley et al., 2013)",N2015,,,,
211.56,,,1623.4,1046.93333,2199.86667,0,"Schaller et al., 2015",S2015,,,,
211.57,,,2236.6,1366.73333,3106.46667,0,"Schaller et al., 2015",S2015,,,,
211.68,,,683,341.5,1366,0,"Nordt et al., 2015 (expands and refines Atchley et al., 2013)",N2015,,,,
211.89,,,1942.26667,1220.26667,2664.26667,0,"Schaller et al., 2015",S2015,,,,
211.9,214,209.8,666.666667,333.333333,1333.33333,1,"Cerling, 1991",C91,,,,
211.9,,,1135.33333,567.666667,2270.66667,0,"Schaller et al., 2012",S2012,,,,
211.9,,,1183.33333,591.666667,2366.66667,0,"Schaller et al., 2012",S2012,,,,
211.9,,,1376,688,2752,0,"Schaller et al., 2012",S2012,,,,
211.9,,,1478.66667,739.333333,2957.33333,0,"Schaller et al., 2012",S2012,,,,
211.9,214,209.8,1264,632,2528,1,"Suchecki et al., 1988 (reported in Ekart et al., 1999)",S1988,,,,
211.9,212.6,211.2,748.82,374.41,1497.64,0,"Whiteside et al., 2015",W2015,,,,
211.9,212.6,211.2,786.36,393.18,1572.72,0,"Whiteside et al., 2015",W2015,,,,
211.989,,,10,5,20,1,"Nordt et al., 2015 (expands and refines Atchley et al., 2013)",N2015,,,,
212.144,,,708,354,1416,0,"Nordt et al., 2015 (expands and refines Atchley et al., 2013)",N2015,,,,
212.247,,,713,356.5,1426,0,"Nordt et al., 2015 (expands and refines Atchley et al., 2013)",N2015,,,,
212.35,,,522,261,1044,0,"Nordt et al., 2015 (expands and refines Atchley et al., 2013)",N2015,,,,
212.505,,,1463,731.5,2926,0,"Nordt et al., 2015 (expands and refines Atchley et al., 2013)",N2015,,,,
212.557,,,738,369,1476,0,"Nordt et al., 2015 (expands and refines Atchley et al., 2013)",N2015,,,,
212.711,,,170,85,340,1,"Nordt et al., 2015 (expands and refines Atchley et al., 2013)",N2015,,,,
212.969,,,523,261.5,1046,0,"Nordt et al., 2015 (expands and refines Atchley et al., 2013)",N2015,,,,
213.08,,,2635.6,1574.4,3696.8,0,"Schaller et al., 2015",S2015,,,,
213.124,,,501,250.5,1002,0,"Nordt et al., 2015 (expands and refines Atchley et al., 2013)",N2015,,,,
213.175,,,546,273,1092,0,"Nordt et al., 2015 (expands and refines Atchley et al., 2013)",N2015,,,,
213.326,,,500,250,1000,0,"Nordt et al., 2015 (expands and refines Atchley et al., 2013)",N2015,,,,
213.478,,,443,221.5,886,0,"Nordt et al., 2015 (expands and refines Atchley et al., 2013)",N2015,,,,
214.727,,,355,177.5,710,0,"Nordt et al., 2015 (expands and refines Atchley et al., 2013)",N2015,,,,
214.95,,,3194.33333,1872.66667,4516,0,"Schaller et al., 2015",S2015,,,,
215,,,3087.8,1802.53333,4373.06667,0,"Schaller et al., 2015",S2015,,,,
215.06,,,3123.2,1826.46667,4419.93333,0,"Schaller et al., 2015",S2015,,,,
215.19,,,3722.4,2095.06667,5349.73333,0,"Schaller et al., 2015",S2015,,,,
215.26,,,3395.73333,1938.86667,4852.6,0,"Schaller et al., 2015",S2015,,,,
215.44,,,3218.06667,1867.26667,4568.86667,0,"Schaller et al., 2015",S2015,,,,
215.58,,,3113.6,1808.13333,4419.06667,0,"Schaller et al., 2015",S2015,,,,
215.6,,,3132.33333,1844.4,4420.26667,0,"Schaller et al., 2015",S2015,,,,
215.7,,,3240.6,1883.73333,4597.46667,0,"Schaller et al., 2015",S2015,,,,
215.98,,,2470.2,1504.66667,3435.73333,0,"Schaller et al., 2015",S2015,,,,
216.19,,,2767,1582.4,3951.6,0,"Schaller et al., 2015",S2015,,,,
216.52,227.3,205.74,695,347.5,1390,1,"Prochnow et al., 2006",P2006,,,,
216.52,227.3,205.74,880,440,1760,1,"Prochnow et al., 2006",P2006,,,,
218.17,,,3183.26667,1805.6,4560.93333,0,"Schaller et al., 2015",S2015,,,,
218.76,,,2798.66667,1647.26667,3950.06667,0,"Schaller et al., 2015",S2015,,,,
220.123,,,215,107.5,430,1,"Nordt et al., 2015 (expands and refines Atchley et al., 2013)",N2015,,,,
221.37,237,205.74,660,330,1320,1,"Ekart et al., 1999",Chinle,,,https://doi.org/10.2475/ajs.299.10.805,
221.37,237,205.74,732,366,1464,1,"Ekart et al., 1999",Dolores,,,https://doi.org/10.2475/ajs.299.10.805,
221.37,237,205.74,1140,570,2280,1,"Ekart et al., 1999",Ischigualasto,,,https://doi.org/10.2475/ajs.299.10.805,
221.37,237,205.74,800,400,1600,1,"Suchecki et al., 1988 (reported in Ekart et al., 1999)",S1988,,,,
221.37,237,205.74,900,450,1800,1,"Tanner et al., 2001",T2001,,,,
221.943,,,6,3,12,1,"Nordt et al., 2015 (expands and refines Atchley et al., 2013)",N2015,,,,
221.97,,,2732.06667,1636,3828.13333,0,"Schaller et al., 2015",S2015,,,,
222.27,,,2324.93333,1412.86667,3237,0,"Schaller et al., 2015",S2015,,,,
222.35,,,3022.66667,1755.66667,4289.66667,0,"Schaller et al., 2015",S2015,,,,
223.17,,,2627.33333,1596.26667,3658.4,0,"Schaller et al., 2015",S2015,,,,
224.33,,,3042.06667,1805.13333,4279,0,"Schaller et al., 2015",S2015,,,,
225.79,,,2547.46667,1537.33333,3557.6,0,"Schaller et al., 2015",S2015,,,,
226.17,,,3302.4,1905.66667,4699.13333,0,"Schaller et al., 2015",S2015,,,,
226.58,,,3182.6,1874.66667,4490.53333,0,"Schaller et al., 2015",S2015,,,,
227.09,,,3568.13333,2054.8,5081.46667,0,"Schaller et al., 2015",S2015,,,,
229.25,,,3319.73333,1935.66667,4703.8,0,"Schaller et al., 2015",S2015,,,,
229.72,,,2445.6,1504.53333,3386.66667,0,"Schaller et al., 2015",S2015,,,,
231.02,,,2516.4,1541,3491.8,0,"Schaller et al., 2015",S2015,,,,
231.42,,,3230.86667,1899.73333,4562,0,"Schaller et al., 2015",S2015,,,,
232.03,,,2142.8,1335.46667,2950.13333,0,"Schaller et al., 2015",S2015,,,,
232.15,237,227.3,585,292.5,1170,1,"Ghosh et al., 2005 (and 1995, 2001)",Tiki,,,,
232.15,237,227.3,116,58,232,1,"Prochnow et al., 2006",P2006,,,,
232.19,,,2884.2,1723.8,4044.6,0,"Schaller et al., 2015",S2015,,,,
241.85,246.7,237,244,122,488,1,"Ekart et al., 1999",Otter Sandstone,,https://doi.org/10.2475/ajs.299.10.805,,
241.85,246.7,237,284,142,568,1,"Purvis & Wright, 1991 (reported in Ekart et al., 1999)",PW1991,,,,
243,246,240,605,302.5,1210,1,"Ghosh et al., 2005 (and 1995, 2001)",Denwa,"Ages updated based on Roy et al., 2021",,,
243,246,240,822,299,1345,0,"Roy et al., 2021",R2021,,,https://doi.org/10.1016/j.palaeo.2021.110638,
245.39,246.7,244.08,300,150,600,1,"Prochnow et al., 2006",P2006,,,,
245.39,246.7,244.08,580,290,1160,1,"Prochnow et al., 2006",P2006,,,,
248,252,244,562,136,988,0,"Roy et al., 2021",R2021,,,https://doi.org/10.1016/j.palaeo.2021.110638,
252.7163,254.2426,251.19,883,441.5,1766,0,"Gastaldo et al., 2014",G2014,,,,
252.7163,254.2426,251.19,1100,550,2200,0,"Gastaldo et al., 2014",G2014,,,,
252.7163,254.2426,251.19,1325,662.5,2650,0,"Gastaldo et al., 2014",G2014,,,,
259.4,259.8,259,400,200,800,1,"Ekart et al., 1999",Quartermaster,,https://doi.org/10.2475/ajs.299.10.805,,
273.65,275,272.3,133.333333,66.6666667,266.666667,1,"Tabor et al., 2004",T2004,,,,
277.62,,,1236.58364,788.438182,1684.72909,0,"Montañez et al., 2007",M2008,,,https://doi.org/10.1126/science.1134207,
280.65,282,279.3,133.333333,66.6666667,266.666667,1,"Tabor et al., 2004",T2004,,,,
281.14883,,,1248.35455,759.33,1737.41455,0,"Montañez et al., 2007",M2008,,,https://doi.org/10.1126/science.1134207,
282.37613,,,899.4,565.83,1233,0,"Montañez et al., 2007",M2008,,,https://doi.org/10.1126/science.1134207,
283.35797,,,1099.8,679.450909,1520.14909,0,"Montañez et al., 2007",M2008,,,https://doi.org/10.1126/science.1134207,
283.84889,,,1011.80182,604.251818,1419.35182,0,"Montañez et al., 2007",M2008,,,https://doi.org/10.1126/science.1134207,
284.05,298.89,269.21,357.5,178.75,715,1,"Ghosh et al., 2005 (and 1995, 2001)",Motur,,,,
284.46254,,,823.999091,480.48,1167.55364,0,"Montañez et al., 2007",M2008,,,https://doi.org/10.1126/science.1134207,
284.83073,,,792.09,460.058182,1124.12182,0,"Montañez et al., 2007",M2008,,,https://doi.org/10.1126/science.1134207,
284.95346,,,792.09,460.058182,1124.12182,0,"Montañez et al., 2007",M2008,,,https://doi.org/10.1126/science.1134207,
285.81257,,,774.433636,464.773636,1084.05818,0,"Montañez et al., 2007",M2008,,,https://doi.org/10.1126/science.1134207,
286.91714,,,1448.93333,898.533333,1999.26667,0,"Montañez et al., 2007",M2008,,,https://doi.org/10.1126/science.1134207,
287.03987,,,1030,675.5,1396,0,"Montañez et al., 2007",M2008,,,https://doi.org/10.1126/science.1134207,
287.40806,,,396.613571,248.877857,544.322857,0,"Montañez et al., 2007",M2008,,,https://doi.org/10.1126/science.1134207,
288.88082,,,183.087273,24.3218182,341.852727,0,"Montañez et al., 2007",M2008,,,https://doi.org/10.1126/science.1134207,
289.37174,,,182.200909,11.0972727,353.304546,0,"Montañez et al., 2007",M2008,,,https://doi.org/10.1126/science.1134207,
289.86266,,,620,102.05,770.35,0,"Montañez et al., 2007",M2008,,,https://doi.org/10.1126/science.1134207,
290.20724,,,410.752857,95.8414286,538.405714,0,"Montañez et al., 2007",M2008,,,https://doi.org/10.1126/science.1134207,
290.419,,,419.333333,130.659333,615.902,0,"Montañez et al., 2007",M2008,,,https://doi.org/10.1126/science.1134207,
290.419,,,1700,529.7,2496.9,0,"Montañez et al., 2007",M2008,,,https://doi.org/10.1126/science.1134207,
290.45,298.9,282,1199,838,1665,0,"Ekart et al., 1999",Halgaito,,,https://doi.org/10.2475/ajs.299.10.805,Zero values were reported in Foster et al however original publication does not match. Recalculated CO2 from original pub values with Sz of 2000
290.47194,,,461.428571,143.775714,677.73,0,"Montañez et al., 2007",M2008,,,https://doi.org/10.1126/science.1134207,
290.52488,,,600.178333,233.826667,966.498333,0,"Montañez et al., 2007",M2008,,,https://doi.org/10.1126/science.1134207,
291.095,298.89,283.3,70,35,140,1,"Mora et al., 1996",M1996,,,,
293.066,,,208.271667,10,468.128333,0,"Montañez et al., 2007",M2008,,,https://doi.org/10.1126/science.1134207,
294.33656,,,50.065,10,270.591667,0,"Montañez et al., 2007",M2008,,,https://doi.org/10.1126/science.1134207,
295.87877,,,46.8666667,10,209.913333,0,"Montañez et al., 2007",M2008,,,https://doi.org/10.1126/science.1134207,
296.5742,,,64.6,10,304.276364,0,"Montañez et al., 2007",M2008,,,https://doi.org/10.1126/science.1134207,
297.88779,,,288.4,10,877.933333,0,"Montañez et al., 2007",M2008,,,https://doi.org/10.1126/science.1134207,
298.58322,,,515.133333,10,995.866667,0,"Montañez et al., 2007",M2008,,,https://doi.org/10.1126/science.1134207,
299.68608,,,398.8,87.8,649.84,0,"Montañez et al., 2007",M2008,,,https://doi.org/10.1126/science.1134207,
299.882,,,697.2,185.266667,1102.46667,0,"Montañez et al., 2007",M2008,,,https://doi.org/10.1126/science.1134207,
300.17588,,,882.48,282.4,1346.64,0,"Montañez et al., 2007",M2008,,,https://doi.org/10.1126/science.1134207,
302.955,307.02,298.89,608,304,1216,0,"Ekart et al., 1999",Fountain,,,https://doi.org/10.2475/ajs.299.10.805,
302.955,307.02,298.89,588,294,1176,0,"Kenny & Neet, 1993",KN1993,,,,
302.955,307.02,298.89,250,125,500,0,"Mora et al., 1996",M1996,,,,
326.87,330.34,323.4,210,105,420,0,"Mora et al., 1996",M1996,,,,
326.87,330.34,323.4,290,145,580,0,"Mora et al., 1996",M1996,,,,
332.615,346.73,318.5,320,160,640,0,"Mora et al., 1996",M1996,,,,
338.535,346.73,330.34,190,95,380,0,"Mora et al., 1996",M1996,,,,
342.6325,346.73,338.535,524,262,1048,0,"Muchez et al., 1993",M1993,,,,
344.75,347,342.5,824,412,1648,0,"Ekart et al., 1999",Clifton Down Mudstone,,https://doi.org/10.2475/ajs.299.10.805,,
365.2,371.1,359.3,1140,570,2280,0,"Driese et al., 2000",Appalachia,,,https://doi.org/10.1017/S108933260000070X,
365.2,371.1,359.3,1260,630,2520,0,"Driese et al., 2000",Appalachia,,,https://doi.org/10.1017/S108933260000070X,
365.2,371.1,359.3,395.2,197.6,790.4,0,"Mora et al., 1996",M1996,,,,
365.2,371.1,359.3,600,300,1200,0,"Mora et al., 1996",M1996,,,,
375,378.9,371.1,1120,560,2240,0,"Cox et al., 2001",C2001,,,,
382.1,385.3,378.9,1560,780,3120,0,"Cox et al., 2001",C2001,,,,
386.6,394.3,378.9,624,312,1248,0,"Ekart et al., 1999",Old Red Sandstone,,https://doi.org/10.2475/ajs.299.10.805,,
398.35,402.4,394.3,1320,660,2640,0,"Driese et al., 2000",Appalachia,,,https://doi.org/10.1017/S108933260000070X,
419.75,423.8,415.7,1440,720,2880,0,"Driese et al., 2000",Appalachia,,,https://doi.org/10.1017/S108933260000070X,
422.87,426.74,419,1680,840,3360,0,"Mora et al., 1996",M1996,,,,